Disease,Variant,Model,Strategy,Threshold,AUC-ROC,Brier,Sensitivity (%),Specificity (%),Precision (%),F1-Score,F2-Score,TP,FP,TN,FN,FN Saved
Diabetes,With Waist,Baseline,Default (0.50),0.5,0.7468,0.0863,0.0,100.0,0.0,0.0,0.0,0,0,476,55,0
Diabetes,With Waist,Baseline,Youden's J,0.0821,0.7468,0.0863,78.18,58.82,17.99,0.2925,0.4684,43,196,280,12,43
Diabetes,With Waist,Optimized,Default (0.50),0.5,0.7631,0.0882,5.45,99.58,60.0,0.1,0.0667,3,2,474,52,3
Diabetes,With Waist,Optimized,Youden's J,0.0607,0.7631,0.0882,89.09,48.95,16.78,0.2824,0.4785,49,243,233,6,49
Diabetes,With Waist,Optimized,F2-Score (Screening),0.0607,0.7631,0.0882,89.09,48.95,16.78,0.2824,0.4785,49,243,233,6,49
Diabetes,No Waist,Baseline,Default (0.50),0.5,0.7473,0.0862,0.0,100.0,0.0,0.0,0.0,0,0,476,55,0
Diabetes,No Waist,Baseline,Youden's J,0.0605,0.7473,0.0862,89.09,50.42,17.19,0.2882,0.4851,49,236,240,6,49
Diabetes,No Waist,Optimized,Default (0.50),0.5,0.762,0.0884,3.64,99.37,40.0,0.0667,0.0444,2,3,473,53,2
Diabetes,No Waist,Optimized,Youden's J,0.0599,0.762,0.0884,90.91,48.74,17.01,0.2865,0.4864,50,244,232,5,50
Diabetes,No Waist,Optimized,F2-Score (Screening),0.0599,0.762,0.0884,90.91,48.74,17.01,0.2865,0.4864,50,244,232,5,50
Hypertension,With Waist,Baseline,Default (0.50),0.5,0.7602,0.1838,49.72,82.39,59.21,0.5405,0.5137,90,62,290,91,0
Hypertension,With Waist,Baseline,Youden's J,0.216,0.7602,0.1838,81.77,57.1,49.5,0.6167,0.7234,148,151,201,33,58
Hypertension,With Waist,Optimized,Default (0.50),0.5,0.7553,0.1868,46.96,83.52,59.44,0.5247,0.4902,85,58,294,96,-5
Hypertension,With Waist,Optimized,Youden's J,0.3316,0.7553,0.1868,68.51,71.88,55.61,0.6139,0.6547,124,99,253,57,34
Hypertension,With Waist,Optimized,F2-Score (Screening),0.158,0.7553,0.1868,88.4,41.76,43.84,0.5861,0.7346,160,205,147,21,70
Hypertension,No Waist,Baseline,Default (0.50),0.5,0.7607,0.1834,50.28,82.67,59.87,0.5465,0.5194,91,61,291,90,0
Hypertension,No Waist,Baseline,Youden's J,0.2102,0.7607,0.1834,82.87,56.25,49.34,0.6186,0.7296,150,154,198,31,59
Hypertension,No Waist,Optimized,Default (0.50),0.5,0.7566,0.1858,47.51,83.81,60.14,0.5309,0.496,86,57,295,95,-5
Hypertension,No Waist,Optimized,Youden's J,0.2345,0.7566,0.1858,76.24,62.5,51.11,0.612,0.6942,138,132,220,43,47
Hypertension,No Waist,Optimized,F2-Score (Screening),0.1547,0.7566,0.1858,90.61,40.91,44.09,0.5931,0.7482,164,208,144,17,73
