y_true,raw,cal,bin,bias_raw,bias_cal
41.606122449,38.53125,38.426469039144195,Severe,-3.0748724489999972,-3.1796534098558027
36.1757629762,33.59375,33.5115050803902,Obese II,-2.582012976199998,-2.664257895809797
41.5346679688,43.25,43.12368143010529,Severe,1.715332031199999,1.5890134613052922
30.0681666295,28.0625,28.005501151912625,Obese I,-2.0056666294999985,-2.062665477587373
23.4010560147,23.6875,23.650469796054654,Normal,0.28644398530000004,0.24941378135465442
27.0435353725,30.515625,30.447429447875844,Overweight,3.472089627500001,3.4038940753758453
38.0872359963,37.59375,37.49324803431749,Obese II,-0.4934859963000022,-0.5939879619825135
31.7464818315,32.5,32.42274724142571,Obese I,0.7535181685000012,0.6762654099257119
27.669982699,26.640625,26.590115961258785,Overweight,-1.0293576989999984,-1.079866737741213
21.7667479827,25.921875,25.874646524224975,Normal,4.1551270173,4.107898541524975
30.6634527089,26.5625,26.512347544189893,Obese I,-4.1009527088999995,-4.151105164710106
58.5833333333,45.5,45.36341184168939,Severe,-13.083333333299997,-13.219921491610606
31.2444444444,34.21875,34.13365241694134,Obese I,2.974305555600001,2.889207972541339
48.860770773,43.15625,43.03035932962263,Severe,-5.704520772999999,-5.830411443377372
44.2199265381,40.25,40.13737421465983,Severe,-3.9699265380999975,-4.082552323440169
31.4614197531,38.375,38.27093220500641,Obese I,6.9135802469000005,6.809512451906411
30.1792929293,32.15625,32.08056620632259,Obese I,1.9769570706999993,1.901273277022586
32.3830017301,32.9375,32.85825037701151,Obese I,0.5544982699000016,0.4752486469115098
44.1930943892,46.625,46.483277047481444,Severe,2.4319056108000012,2.290182658281445
32.7304522165,31.46875,31.39620413611633,Obese I,-1.261702216499998,-1.3342480803836665
25.0854238754,30.78125,30.71184206591008,Overweight,5.6958261246,5.62641819051008
31.7464818315,34.1875,34.10254505011378,Obese I,2.441018168500001,2.3560632186137838
29.8505778017,31.84375,31.769492538047015,Overweight,1.9931721983000017,1.9189147363470163
22.2094594595,25.859375,25.81243179056986,Normal,3.6499155405000003,3.6029723310698607
24.71484375,26.234375,26.185720192500543,Normal,1.51953125,1.4708764425005434
39.5759054232,39.34375,39.23526057666068,Obese II,-0.23215542319999827,-0.3406448465393197
32.9188345473,31.109375,31.038469417599426,Obese I,-1.8094595473000012,-1.880365129700575
39.0478079746,36.03125,35.937879692939646,Obese II,-3.0165579745999977,-3.109928281660352
49.9171597633,37.78125,37.67989223528283,Severe,-12.135909763299999,-12.23726752801717
29.9745851712,24.453125,24.412600283329798,Overweight,-5.521460171200001,-5.561984887870203
22.1487082546,25.734375,25.688002323259635,Normal,3.585666745400001,3.539294068659636
53.7417355372,46.125,45.985559178240536,Severe,-7.6167355372,-7.756176358959465
19.9668639053,22.65625,22.623926690745275,Normal,2.6893860947000015,2.6570627854452766
25.0647401013,25.9375,25.890200207638753,Overweight,0.8727598987,0.8254601063387526
44.6260662567,40.6875,40.572877350245626,Severe,-3.9385662566999997,-4.053188906454373
29.4440686785,26.21875,26.170166509086766,Overweight,-3.225318678499999,-3.2739021694132333
26.6224852071,36.125,36.03120179342231,Overweight,9.502514792900001,9.408716586322313
27.4026530612,28.125,28.06771588556774,Overweight,0.7223469388000012,0.665062824367741
25.6204444444,28.28125,28.223252719705524,Overweight,2.6608055555999996,2.6028082753055237
33.9023919753,33.9375,33.85368611549333,Obese I,0.035108024700001295,-0.04870585980666675
24.4097222222,23.28125,23.246074027296416,Normal,-1.1284722221999992,-1.1636481949035833
21.96875,19.140625,19.12434792264512,Normal,-2.828125,-2.8444020773548786
23.9115646259,26.15625,26.10795177543165,Normal,2.2446853741000012,2.1963871495316525
34.4326530612,38.8125,38.70643534059221,Obese I,4.3798469388,4.273782279392208
30.9862258953,28.4375,28.37878955384331,Obese I,-2.5487258952999987,-2.6074363414566903
26.6057525952,31.625,31.551740970254116,Overweight,5.0192474048000015,4.945988375054117
29.9504757785,35.46875,35.37794709004362,Overweight,5.5182742215000005,5.42747131154362
34.1668319778,29.015625,28.954275840153112,Obese I,-5.151206977800001,-5.212556137646889
23.0032894737,23.0,22.966107725848403,Normal,-0.0032894737000006558,-0.03718174785159789
24.0283203125,22.640625,22.608373007331497,Normal,-1.3876953125,-1.4199473051685025
30.6804205515,30.1875,30.120802096186498,Obese I,-0.49292055149999925,-0.5596184553135011
38.616349481,38.8125,38.70643534059221,Obese II,0.1961505189999997,0.09008585959220738
28.9719313878,27.203125,27.150048564154808,Overweight,-1.7688063878000015,-1.8218828236451934
36.2586788336,49.34375,49.189617961478895,Obese II,13.085071166399999,12.930939127878894
28.0550304558,27.484375,27.43001486560282,Overweight,-0.5706554558000008,-0.6250155901971794
39.0478079746,42.03125,41.910494123830574,Obese II,2.9834420254000023,2.8626861492305764
31.7067346939,27.40625,27.35224644853393,Obese I,-4.3004846939,-4.3544882453660705
24.215921025,28.328125,28.26991376994686,Normal,4.112203975,4.053992744946861
45.5743243243,44.84375,44.7101571383107,Severe,-0.7305743243000009,-0.8641671859893023
42.214299118,42.96875,42.84371512865728,Severe,0.7544508820000004,0.6294160106572804
33.8304358781,31.390625,31.31843571904744,Obese I,-2.4398108780999976,-2.5120001590525582
37.1189164371,43.28125,43.15478879693285,Obese II,6.1623335629000024,6.035872359832851
19.9668639053,25.4375,25.392482338397844,Normal,5.4706360947000015,5.425618433097846
27.4357208448,27.375,27.321139081706374,Overweight,-0.06072084479999873,-0.114581763093625
35.8673469388,25.796875,25.750217056914746,Obese II,-10.070471938799997,-10.117129881885251
41.7062988281,37.1875,37.08885226555925,Severe,-4.518798828100003,-4.617446562540756
29.3697777778,34.5,34.41361871838935,Overweight,5.1302222222000005,5.043840940589352
25.7446289062,25.03125,24.988086569639602,Overweight,-0.7133789061999991,-0.7565423365603969
37.1957671958,29.03125,28.96982952356689,Obese II,-8.164517195800002,-8.225937672233112
28.2426538108,33.34375,33.26264614576975,Overweight,5.1010961892,5.01999233496975
26.3625,27.71875,27.663320116809498,Overweight,1.3562499999999993,1.300820116809497
36.3323680107,33.46875,33.38707561307997,Obese II,-2.8636180107000015,-2.9452923976200296
32.4942222222,46.4375,46.296632846516104,Obese I,13.943277777799999,13.802410624316103
33.1219450743,35.96875,35.87566495928453,Obese I,2.846804925699999,2.753719884984527
37.9258494031,31.578125,31.50507992001278,Obese II,-6.347724403100003,-6.4207694830872235
28.717011556,33.78125,33.69814928135554,Overweight,5.064238444000001,4.981137725355541
24.6837928982,23.25,23.214966660468857,Normal,-1.4337928982,-1.4688262377311432
26.6027832031,27.25,27.196709614396145,Overweight,0.6472167969000004,0.5939264112961453
21.6975308642,18.625,18.611076369990432,Normal,-3.072530864200001,-3.086454494209569
28.7268135904,26.671875,26.62122332808634,Overweight,-2.054938590399999,-2.105590262313658
49.378251821,40.0,39.88851528003937,Severe,-9.378251821,-9.489736540960628
24.3715820312,28.53125,28.47211165432598,Normal,4.159667968800001,4.100529623125979
26.5418367347,24.34375,24.30372449943335,Overweight,-2.1980867346999986,-2.238112235266648
21.2547241119,20.109375,20.088676294299386,Normal,-1.1453491118999999,-1.1660478176006137
38.211628425,36.125,36.03120179342231,Obese II,-2.0866284250000007,-2.1804266315776886
32.2806122449,31.875,31.80059990487457,Obese I,-0.4056122448999986,-0.4800123400254286
36.9756738988,43.4375,43.31032563107064,Obese II,6.461826101200003,6.334651732270643
31.4703856749,24.953125,24.91031815257071,Obese I,-6.517260674900001,-6.560067522329291
38.7431111111,31.296875,31.22511361856477,Obese II,-7.446236111099999,-7.51799749253523
25.7658179012,30.0,29.934157895221155,Overweight,4.234182098800002,4.1683399940211565
29.2611862643,29.921875,29.856389478152263,Overweight,0.6606887356999991,0.5952032138522618
24.1413023081,26.484375,26.434579127121,Normal,2.3430726919000016,2.2932768190210027
44.6756756757,46.25,46.10998864555076,Severe,1.574324324300001,1.4343129698507582
26.1891891892,30.765625,30.6962883824963,Overweight,4.5764358108,4.507099193296298
43.2615384615,35.78125,35.68902075831919,Severe,-7.4802884615000025,-7.572517703180814
26.3839369488,29.25,29.18758109135979,Overweight,2.866063051200001,2.80364414255979
29.285855981,30.265625,30.19857051325539,Overweight,0.979769018999999,0.9127145322553893
26.517950052,24.9375,24.894764469156932,Overweight,-1.5804500519999998,-1.6231855828430675
27.4357208448,25.828125,25.781324423742305,Overweight,-1.6075958447999987,-1.6543964210576938
23.6724489796,26.328125,26.279042292983217,Normal,2.6556760204000014,2.606593313383218
26.636183297,27.671875,27.616659066568165,Overweight,1.0356917030000012,0.9804757695681658
31.1150295858,29.625,29.560869493290472,Obese I,-1.4900295857999986,-1.5541600925095267
23.1081081081,26.875,26.823421212465462,Normal,3.7668918918999985,3.7153131043654604
20.3156314506,20.625,20.601947846954076,Normal,0.30936854939999847,0.28631639635407424
33.5075999249,34.125,34.04033031645867,Obese I,0.6174000751000008,0.5327303915586725
30.1285714286,30.515625,30.447429447875844,Obese I,0.3870535713999992,0.3188580192758437
36.7961432507,39.90625,39.795193179556705,Obese II,3.1101067493000016,2.9990499288567065
33.744,34.375,34.28918925107912,Obese I,0.6310000000000002,0.5451892510791225
36.3101536911,34.9375,34.84912185397515,Obese II,-1.3726536910999982,-1.4610318371248496
24.4048799841,27.015625,26.96340436318947,Normal,2.610745015900001,2.5585243790894694
21.0194830247,16.65625,16.651312259854343,Normal,-4.363233024700001,-4.368170764845658
43.9375,44.75,44.616835037828025,Severe,0.8125,0.6793350378280252
21.924704834,23.453125,23.417164544847978,Normal,1.528420166,1.492459710847978
33.9023919753,31.40625,31.333989402461217,Obese I,-2.4961419752999987,-2.5684025728387816
41.0896990741,35.78125,35.68902075831919,Severe,-5.308449074099997,-5.400678315780809
85.9870605469,69.9375,69.6893727008389,Severe,-16.049560546899997,-16.297687846061095
35.2584876543,35.0,34.91133658763027,Obese II,-0.25848765429999787,-0.3471510666697313
61.5644970414,58.1875,57.99300277367751,Severe,-3.376997041400003,-3.5714942677224926
28.7492283951,32.90625,32.82714301018395,Overweight,4.157021604899999,4.077914615083952
46.5116952551,44.09375,43.96358033444933,Severe,-2.417945255100001,-2.5481149206506686
24.6689810471,28.125,28.06771588556774,Normal,3.456018952899999,3.398734838467739
41.9605142332,40.21875,40.10626684783227,Severe,-1.7417642332000014,-1.854247385367728
30.8459183673,32.59375,32.51606934190838,Obese I,1.7478316326999987,1.6701509746083758
25.9976211073,29.90625,29.840835794738485,Overweight,3.9086288927000012,3.8432146874384863
28.8153263533,28.875,28.814292689429106,Overweight,0.05967364669999853,-0.0010336638708956514
49.3305858766,50.78125,50.620556835546516,Severe,1.4506641234000028,1.289970958946519
43.8494096681,43.71875,43.590291932518646,Severe,-0.13065966810000162,-0.25911773558135565
34.4326530612,34.40625,34.320296617906685,Obese I,-0.02640306119999991,-0.11235644329331507
32.7614784206,32.59375,32.51606934190838,Obese I,-0.1677284205999996,-0.24540907869162254
26.289704142,28.71875,28.65875585529132,Overweight,2.4290458579999985,2.36905171329132
36.5878378378,44.3125,44.18133190224223,Obese II,7.724662162199998,7.5934940644422255
23.7316743827,26.125,26.076844408604096,Normal,2.3933256173000004,2.345170025904096
44.1809210526,42.96875,42.84371512865728,Severe,-1.2121710525999987,-1.3372059239427188
53.6907359651,46.65625,46.514384414309,Severe,-7.0344859650999965,-7.176351550790997
38.6487268519,42.40625,42.28378252576126,Obese II,3.757523148099999,3.6350556738612596
24.4097222222,25.578125,25.53246548912185,Normal,1.1684027778000008,1.1227432669218516
45.9970703125,33.46875,33.38707561307997,Severe,-12.5283203125,-12.609994699420028
25.7658179012,30.578125,30.50964418153096,Overweight,4.812307098800002,4.7438262803309605
27.4609375,30.21875,30.151909463014054,Overweight,2.7578125,2.6909719630140536
37.7418133215,38.75,38.6442206069371,Obese II,1.008186678500003,0.9024072854370999
27.0435353725,23.953125,23.91488241408889,Overweight,-3.090410372499999,-3.1286529584111094
32.6819058642,31.921875,31.847260955115907,Obese I,-0.7600308641999973,-0.8346449090840906
43.9375,30.453125,30.38521471422073,Severe,-13.484375,-13.55228528577927
34.4938666667,24.1875,24.148187665295566,Obese I,-10.3063666667,-10.345679001404434
44.7040863177,41.6875,41.56831308872745,Severe,-3.0165863177000034,-3.1357732289725533
20.2020494542,22.328125,22.29729933905593,Normal,2.126075545799999,2.095249884855928
33.744,38.96875,38.86197217472999,Obese I,5.22475,5.117972174729992
43.2315016862,35.84375,35.7512354919743,Severe,-7.387751686199998,-7.480266194225699
43.0408163265,47.90625,47.75867908741128,Severe,4.8654336735,4.717862760911281
37.2297297297,34.0,33.91590084914844,Obese II,-3.229729729699997,-3.3138288805515543
24.7456,27.5,27.4455685490166,Normal,2.7544000000000004,2.6999685490165994
40.6177777778,42.8125,42.688178294519496,Severe,2.1947222221999994,2.070400516719495
38.3388157895,42.0625,41.94160149065813,Obese II,3.7236842104999965,3.602785701158126
38.0082179931,42.09375,41.972708857485685,Obese II,4.085532006900003,3.964490864385688
33.8332466181,35.3125,35.222410255905835,Obese I,1.4792533819000013,1.3891636378058365
31.7517089844,29.734375,29.66974527718692,Obese I,-2.0173339844000004,-2.081963707213081
26.4674012856,34.84375,34.75579975349248,Overweight,8.376348714399999,8.288398467892481
30.0681666295,27.859375,27.803303267533504,Obese I,-2.2087916294999985,-2.264863361966494
28.7448888889,27.3125,27.25892434805126,Overweight,-1.4323888889000003,-1.485964540848741
19.8374092986,18.03125,18.02003640026685,Normal,-1.8061592986000008,-1.8173728983331507
24.9585798817,28.140625,28.083269568981517,Normal,3.1820451182999996,3.124689687281517
28.9719313878,26.984375,26.93229699636191,Overweight,-1.9875563878000015,-2.039634391438092
23.9115646259,22.453125,22.421728806366154,Normal,-1.4584396258999988,-1.4898358195338446
30.6158579882,28.53125,28.47211165432598,Obese I,-2.0846079881999984,-2.14374633387402
23.0103154136,25.5,25.454697072052955,Normal,2.4896845863999992,2.4443816584529543
24.3897959184,27.890625,27.834410634361063,Normal,3.500829081599999,3.4446147159610625
36.4878892734,46.71875,46.57659914796412,Obese II,10.2308607266,10.088709874564117
28.2426538108,29.703125,29.638637910359364,Overweight,1.4604711891999997,1.3959840995593638
30.2620511803,29.453125,29.38977897573891,Obese I,-0.8089261802999985,-0.8722722045610887
30.9486390533,27.75,27.694427483637057,Obese I,-3.198639053299999,-3.2542115696629423
24.2732219929,28.046875,27.989947468498848,Normal,3.7736530070999983,3.716725475598846
40.6828703704,33.125,33.04489457797685,Severe,-7.557870370400003,-7.6379757924231555
53.2055664062,38.65625,38.55089850645442,Severe,-14.549316406199999,-14.654667899745576
22.8488284203,22.34375,22.312853022469707,Normal,-0.5050784202999985,-0.5359753978302919
25.8244897959,25.6875,25.6413412730183,Overweight,-0.13698979589999993,-0.18314852288170158
25.8401596303,28.625,28.56543375480865,Overweight,2.7848403696999995,2.725274124508651
21.4366349481,24.765625,24.72367395160537,Normal,3.3289900519,3.2870390035053703
37.9928692062,37.65625,37.55546276797261,Obese II,-0.3366192061999982,-0.43740643822739145
38.7702702703,33.125,33.04489457797685,Obese II,-5.645270270300003,-5.725375692323155
26.3096458008,24.28125,24.241509765778236,Overweight,-2.0283958007999985,-2.0681360350217624
49.3250126497,45.96875,45.83002234410275,Severe,-3.3562626496999997,-3.4949903055972484
36.6191976476,41.28125,41.16391731996921,Obese II,4.6620523524000035,4.544719672369212
23.7139483893,25.984375,25.93686125788009,Normal,2.2704266106999995,2.2229128685800887
24.273780352,24.09375,24.054865564812896,Normal,-0.18003035199999928,-0.2189147871871029
39.9337278107,40.0625,39.95073001369449,Obese II,0.12877218930000112,0.01700220299449029
51.2098462909,45.3125,45.17676764072405,Severe,-5.897346290900003,-6.033078650175952
27.1129476584,27.765625,27.709981167050834,Overweight,0.6526773416000005,0.5970335086508349
22.1287721124,23.546875,23.510486645330648,Normal,1.4181028876,1.3817145329306477
31.2368164062,29.21875,29.156473724532233,Obese I,-2.018066406199999,-2.0803426816677657
27.4323621228,28.640625,28.58098743822243,Overweight,1.2082628771999993,1.1486253154224286
29.8138487521,34.03125,33.947008215976,Overweight,4.2174012479,4.133159463875998
21.9458896982,27.359375,27.305585398292592,Normal,5.4134853018000015,5.359695700092594
38.0082179931,36.25,36.15563126073254,Obese II,-1.758217993099997,-1.852586732367456
35.8201840894,34.0,33.91590084914844,Obese II,-1.8201840894000014,-1.9042832402515586
45.3669333333,44.4375,44.30576136955246,Severe,-0.9294333332999969,-1.0611719637475403
23.7075976989,27.421875,27.367800131947707,Normal,3.714277301100001,3.660202433047708
30.4065743945,32.5625,32.48496197508082,Obese I,2.1559256054999985,2.07838758058082
23.7747138398,29.625,29.560869493290472,Normal,5.8502861602,5.7861556534904715
26.289704142,24.40625,24.365939233088465,Overweight,-1.8834541420000015,-1.9237649089115365
32.573847182,33.46875,33.38707561307997,Obese I,0.8949028179999985,0.8132284310799704
31.7931588613,34.96875,34.880229220802704,Obese I,3.1755911386999998,3.087070359502704
27.1201777778,29.671875,29.60753054353181,Overweight,2.5516972222000014,2.48735276573181
23.0259511212,25.953125,25.905753891052534,Normal,2.9271738788000015,2.8798027698525352
21.6254882812,25.75,25.703556006673413,Normal,4.124511718800001,4.078067725473414
33.6395196097,33.75,33.667041914527985,Obese I,0.11048039029999757,0.02752230482798268
29.1772460938,28.53125,28.47211165432598,Overweight,-0.6459960938000009,-0.7051344394740227
26.3839369488,27.015625,26.96340436318947,Overweight,0.6316880512000012,0.5794674143894696
40.1644736842,36.0,35.90677232611208,Severe,-4.164473684199997,-4.257701358087914
30.9944888889,33.0,32.92046511066662,Obese I,2.005511111099999,1.9259762217666179
34.7663176654,33.84375,33.76036401501066,Obese I,-0.9225676654000026,-1.005953650389344
32.1040320784,31.0,30.92959363370298,Obese I,-1.104032078400003,-1.1744384446970244
23.6473602139,20.34375,20.321981545506063,Normal,-3.3036102139000008,-3.325378668393938
20.8947222222,23.53125,23.49493296191687,Normal,2.6365277778000014,2.6002107397168714
33.7667824074,34.25,34.1647597837689,Obese I,0.4832175925999991,0.3979773763688996
22.8116326531,25.546875,25.50135812229429,Normal,2.7352423469000016,2.6897254691942933
29.285855981,33.09375,33.01378721114929,Overweight,3.807894018999999,3.7279312301492915
33.9436686391,33.8125,33.7292566481831,Obese I,-0.13116863909999665,-0.21441199091689356
23.1089965398,25.46875,25.4235897052254,Normal,2.3597534602000003,2.3145931654254
50.6269463668,53.375,53.20246828223374,Severe,2.7480536332000014,2.5755219154337397
42.8738975418,46.0,45.86112971093031,Severe,3.126102458200002,2.9872321691303085
27.2880473373,31.265625,31.19400625173721,Overweight,3.9775776627,3.9059589144372104
27.9864864865,26.421875,26.372364393465887,Overweight,-1.5646114864999987,-1.614122093034112
28.4780092593,30.265625,30.19857051325539,Overweight,1.7876157407000015,1.7205612539553918
20.9802571166,25.625,25.579126539363184,Normal,4.644742883399999,4.598869422763183
29.8436818092,30.203125,30.136355779600276,Overweight,0.3594431908000004,0.2926739704002763
25.9679591837,24.46875,24.42815396674358,Overweight,-1.4992091836999997,-1.5398052169564203
29.8341049383,27.0,26.94785067977569,Overweight,-2.834104938300001,-2.8862542585243105
46.1718896603,40.40625,40.29291104879761,Severe,-5.765639660300003,-5.87897861150239
25.8218549128,24.859375,24.81699605208804,Overweight,-0.9624799127999992,-1.004858860711959
23.7316743827,25.375,25.33026760474273,Normal,1.6433256173000004,1.5985932220427301
27.6120562907,24.9375,24.894764469156932,Overweight,-2.6745562907,-2.7172918215430677
29.7566137566,26.53125,26.481240177362334,Overweight,-3.2253637566,-3.275373579237666
49.3379620942,49.15625,49.002973760513555,Severe,-0.18171209420000167,-0.33498833368644654
23.8672839506,20.5,20.477518379643847,Normal,-3.367283950600001,-3.389765570956154
34.2139577594,33.625,33.542612447217756,Obese I,-0.5889577594000031,-0.6713453121822468
36.8409029831,31.71875,31.645063070736786,Obese II,-5.122152983100001,-5.1958399123632155
27.5973401698,27.984375,27.927732734843733,Overweight,0.38703483020000107,0.33039256504373427
31.8693333333,32.96875,32.889357743839064,Obese I,1.0994166667000016,1.0200244105390652
34.9675605536,29.28125,29.218688458187344,Obese I,-5.686310553600002,-5.748872095412658
42.9077148438,40.90625,40.79062891803852,Severe,-2.001464843800001,-2.1170859257614794
36.1459936198,33.1875,33.10710931163196,Obese II,-2.9584936198000023,-3.0388843081680434
35.9892102847,36.46875,36.37338282852544,Obese II,0.4795397152999996,0.38417254382544286
31.4708044983,34.03125,33.947008215976,Obese I,2.5604455016999985,2.476203717675997
23.0346565848,29.625,29.560869493290472,Normal,6.5903434151999996,6.526212908490471
26.6388067724,29.234375,29.17202740794601,Overweight,2.595568227600001,2.5332206355460123
35.4791883455,38.65625,38.55089850645442,Obese II,3.177061654500001,3.0717101609544244
20.9709755442,23.171875,23.137198243399965,Normal,2.2008994557999983,2.166222699199963
30.6945867677,28.25,28.192145352877965,Obese I,-2.444586767699999,-2.5024414148220337
41.7062988281,42.90625,42.78150039500217,Severe,1.199951171899997,1.075201566902166
36.2586788336,39.96875,39.857407913211816,Obese II,3.710071166399999,3.5987290796118145
29.8565197429,35.09375,35.00465868811293,Overweight,5.2372302570999985,5.148138945212931
22.8475,27.578125,27.52333696608549,Normal,4.730625,4.675836966085491
23.7075976989,26.734375,26.683438061741455,Normal,3.026777301100001,2.9758403628414563
37.9321563182,38.59375,38.48868377279931,Obese II,0.6615936817999994,0.556527454599312
24.9585798817,23.25,23.214966660468857,Normal,-1.7085798817000004,-1.7436132212311435
37.9706790123,38.4375,38.33314693866153,Obese II,0.4668209876999967,0.3624679263615249
30.6634527089,36.5625,36.46670492900811,Obese I,5.8990472911000005,5.80325222010811
34.9229226999,33.96875,33.88479348232089,Obese I,-0.9541726998999991,-1.0381292175791117
25.3971854652,25.890625,25.84353915739742,Overweight,0.49343953480000025,0.4463536921974196
41.1965973535,33.5,33.418182979907535,Severe,-7.696597353500003,-7.778414373592469
27.0665972945,25.046875,25.00364025305338,Overweight,-2.0197222944999993,-2.0629570414466194
29.6175147929,26.625,26.574562277845008,Overweight,-2.9925147928999998,-3.042952515054992
34.2073961938,28.171875,28.114376935809073,Obese I,-6.035521193800001,-6.093019257990928
23.6252888049,23.296875,23.261627710710194,Normal,-0.3284138048999985,-0.36366109418980486
29.6175147929,28.828125,28.76763163918777,Overweight,-0.7893897928999998,-0.8498831537122307
32.277318641,30.953125,30.882932583461642,Obese I,-1.3241936410000008,-1.3943860575383589
29.9407894737,27.578125,27.52333696608549,Overweight,-2.3626644737000007,-2.4174525076145095
29.527027027,30.3125,30.245231563496723,Overweight,0.785472973000001,0.7182045364967244
23.6252888049,25.5,25.454697072052955,Normal,1.8747111951000015,1.8294082671529566
31.8941398866,31.4375,31.365096769288773,Obese I,-0.45663988660000143,-0.5290431173112289
26.9116156877,30.34375,30.276338930324282,Overweight,3.4321343123000005,3.364723242624283
34.9229226999,29.640625,29.57642317670425,Obese I,-5.282297699899999,-5.3464995231957495
30.8108108108,32.78125,32.702713542873724,Obese I,1.9704391892000004,1.8919027320737243
38.3682334596,39.28125,39.17304584300557,Obese II,0.913016540400001,0.8048123834055687
20.466035503,29.390625,29.327564242083795,Normal,8.924589497,8.861528739083795
22.9569636678,25.25,25.2058381374325,Normal,2.2930363322,2.2488744696325007
33.084251607,32.25,32.17388830680525,Obese I,-0.8342516069999988,-0.9103633001947458
36.6145833333,33.875,33.791471381838214,Obese II,-2.739583333299997,-2.823111951461783
38.6169433594,35.375,35.284624989560946,Obese II,-3.241943359399997,-3.332318369839051
42.2408267906,43.78125,43.652506666173764,Severe,1.5404232093999966,1.4116798755737605
22.044766436,24.265625,24.22595608236446,Normal,2.2208585640000003,2.1811896463644587
38.3910943079,40.875,40.759521551210966,Obese II,2.4839056921000022,2.3684272433109683
20.8284695923,23.53125,23.49493296191687,Normal,2.7027804077000006,2.6664633696168707
40.9320710059,34.5625,34.47583345204447,Severe,-6.369571005899999,-6.45623755385553
24.3715820312,22.515625,22.48394354002127,Normal,-1.855957031199999,-1.8876384911787305
24.4429327286,28.953125,28.892061106497998,Normal,4.510192271400001,4.449128377897999
58.5717119619,50.40625,50.24726843361583,Severe,-8.1654619619,-8.32444352828417
33.1191111111,33.84375,33.76036401501066,Obese I,0.724638888900003,0.6412529039106616
27.8912914104,26.109375,26.061290725190318,Overweight,-1.781916410400001,-1.8300006852096828
31.3210069058,38.96875,38.86197217472999,Obese I,7.647743094199999,7.540965268929991
44.7040863177,39.21875,39.11083110935045,Severe,-5.485336317700003,-5.593255208349554
19.8888393852,26.4375,26.387918076879664,Normal,6.548660614799999,6.499078691679664
44.3813131313,44.0,43.87025823396666,Severe,-0.3813131312999971,-0.511054897333338
38.3505256893,40.65625,40.54176998341807,Obese II,2.3057243107000005,2.1912442941180714
40.2665088757,41.90625,41.786064656520345,Severe,1.6397411243000022,1.5195557808203475
29.8696888889,31.421875,31.349543085874995,Overweight,1.5521861110999993,1.479854196974994
27.7999614198,32.28125,32.20499567363281,Overweight,4.481288580200001,4.4050342538328096
30.5502929688,25.40625,25.361374971570285,Obese I,-5.144042968800001,-5.188917997229716
38.7431111111,34.6875,34.6002629193547,Obese II,-4.055611111099999,-4.142848191745301
33.4472318339,30.671875,30.60296628201363,Obese I,-2.7753568338999983,-2.8442655518863695
39.9337278107,36.0,35.90677232611208,Obese II,-3.933727810699999,-4.026955484587916
31.7094594595,27.171875,27.118941197327253,Obese I,-4.5375844595,-4.590518262172747
43.0067567568,35.4375,35.346839723216064,Severe,-7.5692567568000015,-7.6599170335839375
53.0836734694,43.9375,43.80804350031155,Severe,-9.146173469399997,-9.275629969088449
40.3106490233,38.3125,38.2087174713513,Severe,-1.9981490233000017,-2.1019315519487023
28.8851351351,28.8125,28.75207795577399,Overweight,-0.07263513510000053,-0.13305717932600913
33.2781065089,30.40625,30.338553663979397,Obese I,-2.8718565089000023,-2.9395528449206054
40.6059651334,31.5,31.427311502943887,Severe,-9.105965133399998,-9.178653630456111
27.7999614198,33.4375,33.35596824625242,Overweight,5.637538580200001,5.556006826452418
38.7702702703,34.375,34.28918925107912,Obese II,-4.395270270300003,-4.4810810192208805
18.4572568788,25.5625,25.51691180570807,Under,7.105243121200001,7.05965492690807
36.2107180021,35.75,35.65791339149163,Obese II,-0.4607180021000019,-0.5528046106083693
33.6395196097,31.5625,31.489526236599,Obese I,-2.0770196097000024,-2.149993373101001
26.1530407663,27.296875,27.24337066463748,Overweight,1.1438342337000016,1.0903298983374832
24.2463265306,26.75,26.698991745155233,Normal,2.503673469399999,2.452665214555232
42.5342194009,39.125,39.017509008867776,Severe,-3.4092194008999996,-3.5167103920322234
21.6307692308,21.671875,21.644044635677233,Normal,0.04110576920000142,0.01327540487723411
21.1599032518,25.53125,25.485804438880514,Normal,4.371346748200001,4.325901187080515
29.1285364224,28.3125,28.25436008653308,Overweight,-0.8160364223999999,-0.8741763358669203
28.1889062152,27.96875,27.912179051429955,Overweight,-0.2201562151999994,-0.2767271637700439
21.5204081633,25.921875,25.874646524224975,Normal,4.401466836699999,4.354238360924974
37.7290298367,31.703125,31.629509387323008,Obese II,-6.0259048367000005,-6.099520449376993
31.5632653061,32.125,32.049458839495024,Obese I,0.5617346939000001,0.48619353339502425
30.6158579882,33.5,33.418182979907535,Obese I,2.8841420118000016,2.802324991707536
22.8869985297,27.296875,27.24337066463748,Normal,4.409876470299999,4.35637213493748
51.6911764706,44.84375,44.7101571383107,Severe,-6.8474264705999985,-6.9810193322893
35.2824836342,35.46875,35.37794709004362,Obese II,0.18626636580000167,0.09546345584362115
26.8506944444,24.28125,24.241509765778236,Overweight,-2.5694444443999984,-2.6091846786217623
28.4301470588,26.578125,26.52790122760367,Overweight,-1.8520220587999994,-1.9022458311963284
26.5784499055,29.328125,29.26534950842868,Overweight,2.749675094499999,2.68689960292868
26.5762656147,31.0,30.92959363370298,Overweight,4.423734385300001,4.35332801900298
45.5122912366,40.78125,40.6661994507283,Severe,-4.731041236599999,-4.8460917858717
27.8912914104,30.671875,30.60296628201363,Overweight,2.780583589599999,2.711674871613628
78.9081632653,46.21875,46.0788812787232,Severe,-32.689413265300004,-32.8292819865768
28.4780092593,29.875,29.809728427910926,Overweight,1.3969907407000015,1.3317191686109275
30.3415274911,27.046875,26.994511730017024,Obese I,-3.294652491099999,-3.347015761082975
39.7450902599,36.90625,36.80888596411124,Obese II,-2.838840259900003,-2.9362042957887624
24.5062434964,27.625,27.569998016326828,Normal,3.1187565036000002,3.063754519926828
46.5893491124,43.78125,43.652506666173764,Severe,-2.8080991124000008,-2.936842446226237
25.7243385251,30.71875,30.649627332254965,Overweight,4.9944114749000015,4.925288807154967
37.3020408163,40.84375,40.72841418438341,Obese II,3.5417091837,3.4263733680834108
30.6634527089,27.90625,27.84996431777484,Obese I,-2.7572027088999995,-2.8134883911251585
27.3701333333,33.125,33.04489457797685,Overweight,5.7548666667,5.674761244676848
32.8618421053,33.28125,33.20043141211463,Obese I,0.41940789470000084,0.33858930681463306
36.4733700643,35.5,35.409054456871175,Obese II,-0.9733700642999992,-1.0643156074288243
29.7549565605,24.078125,24.039311881399115,Overweight,-5.676831560499998,-5.715644679100883
33.2963867188,31.671875,31.598402020495453,Obese I,-1.624511718800001,-1.6979846983045483
32.2309688581,34.65625,34.569155552527135,Obese I,2.425281141900001,2.3381866944271366
24.3897959184,31.609375,31.536187286840338,Normal,7.219579081599999,7.146391368440337
38.3505256893,36.4375,36.34227546169788,Obese II,-1.9130256892999995,-2.008250227602119
28.8872452334,30.765625,30.6962883824963,Overweight,1.8783797665999984,1.809043149096297
51.3664513255,49.65625,49.50069162975446,Severe,-1.7102013255000017,-1.8657596957455382
27.0435353725,38.65625,38.55089850645442,Overweight,11.6127146275,11.507363133954424
25.8398306973,32.125,32.049458839495024,Overweight,6.285169302700002,6.209628142195026
26.7888757396,25.28125,25.23694550426006,Overweight,-1.5076257396000017,-1.5519302353399418
24.4048799841,28.984375,28.923168473325553,Normal,4.579495015900001,4.518288489225554
33.4695496925,24.5,24.459261333571135,Obese I,-8.969549692500003,-9.010288358928868
31.4511657215,30.828125,30.758503116151413,Obese I,-0.6230407215000007,-0.6926626053485876
53.5155709343,43.78125,43.652506666173764,Severe,-9.734320934300001,-9.863064268126237
26.6027832031,37.28125,37.18217436604192,Overweight,10.6784667969,10.57939116294192
51.3513513514,37.15625,37.05774489873169,Severe,-14.195101351399998,-14.293606452668307
38.6026035503,46.40625,46.26552547968855,Obese II,7.803646449699997,7.6629219293885455
26.8702222222,24.90625,24.863657102329373,Overweight,-1.963972222199999,-2.0065651198706256
39.4661773458,39.625,39.51522687810869,Obese II,0.15882265420000152,0.049049532308693244
19.8374092986,21.84375,21.815135153228795,Normal,2.006340701399999,1.977725854628794
32.6098632812,31.40625,31.333989402461217,Obese I,-1.203613281199999,-1.275873878738782
24.8864746094,25.671875,25.62578758960452,Normal,0.7854003905999996,0.7393129802045202
52.3474121094,44.03125,43.90136560079422,Severe,-8.316162109399997,-8.446046508605775
25.0568055246,28.359375,28.301021136774416,Overweight,3.3025694753999986,3.244215612174415
34.309220679,30.703125,30.634073648841188,Obese I,-3.606095678999999,-3.6751470301588114
27.9765306122,27.1875,27.13449488074103,Overweight,-0.7890306122000013,-0.8420357314589708
40.4328994083,42.15625,42.0349235911408,Severe,1.7233505916999974,1.6020241828408004
32.687067474,38.03125,37.928751169903286,Obese I,5.344182525999997,5.2416836959032835
41.6866203791,37.6875,37.58657013480016,Severe,-3.999120379099999,-4.100050244299837
30.0354003906,27.546875,27.492229599257936,Obese I,-2.4885253905999996,-2.543170791342064
34.4326530612,33.34375,33.26264614576975,Obese I,-1.0889030612,-1.1700069154302497
21.5204081633,27.359375,27.305585398292592,Normal,5.838966836699999,5.785177234992592
32.7722674073,30.78125,30.71184206591008,Obese I,-1.9910174072999993,-2.0604253413899194
33.14316609,32.78125,32.702713542873724,Obese I,-0.36191609000000113,-0.44045254712627724
34.1545410156,33.53125,33.44929034673509,Obese I,-0.6232910156000031,-0.7052506688649132
44.2199265381,40.0,39.88851528003937,Severe,-4.2199265380999975,-4.331411258060626
29.5316110061,29.890625,29.825282111324707,Overweight,0.35901399389999966,0.29367110522470696
25.1021622694,25.53125,25.485804438880514,Overweight,0.42908773059999916,0.3836421694805132
32.4172421475,29.015625,28.954275840153112,Obese I,-3.401617147499998,-3.4629663073468855
38.1283783784,37.40625,37.30660383335215,Obese II,-0.7221283784000008,-0.8217745450478517
46.0206308272,43.125,42.999251962795064,Severe,-2.8956308272000015,-3.0213788644049373
28.693877551,30.65625,30.58741259859985,Overweight,1.962372449,1.8935350475998511
25.5052405267,23.921875,23.88377504726133,Overweight,-1.5833655266999997,-1.621465479438669
31.3258101852,32.8125,32.73382090970128,Obese I,1.4866898147999983,1.4080107245012776
39.5397153352,36.09375,36.00009442659476,Obese II,-3.4459653352000004,-3.5396209086052437
38.6169433594,38.34375,38.239824838178855,Obese II,-0.2731933593999969,-0.3771185212211421
42.0389660494,38.15625,38.053180637213515,Severe,-3.8827160494000026,-3.9857854121864875
41.0488754325,38.53125,38.426469039144195,Severe,-2.5176254324999974,-2.622406393355803
36.6059171598,33.46875,33.38707561307997,Obese II,-3.1371671598000006,-3.2188415467200286
52.4186095358,44.0625,43.93247296762178,Severe,-8.356109535800002,-8.486136568178225
32.5350346021,37.375,37.275496466524594,Obese I,4.839965397900002,4.740461864424596
26.1200975793,27.546875,27.492229599257936,Overweight,1.4267774206999988,1.3721320199579345
26.3016868512,24.125,24.085972931640452,Overweight,-2.1766868511999995,-2.2157139195595477
31.3210069058,27.265625,27.212263297809923,Obese I,-4.055381905800001,-4.108743607990078
28.7855621302,29.28125,29.218688458187344,Overweight,0.4956878698000011,0.4331263279873454
38.6169433594,38.53125,38.426469039144195,Obese II,-0.0856933593999969,-0.19047432025580235
24.3706666667,28.375,28.316574820188194,Normal,4.0043333333,3.945908153488194
46.5122873346,43.96875,43.839150867139104,Severe,-2.5435373346000034,-2.6731364674608997
43.0663844954,44.84375,44.7101571383107,Severe,1.7773655045999988,1.6437726429106974
29.285855981,32.84375,32.764928276528835,Overweight,3.557894018999999,3.479072295528834
26.6057525952,27.9375,27.881071684602396,Overweight,1.3317474048000015,1.275319089402398
29.9831382662,25.8125,25.765770740328527,Overweight,-4.170638266200001,-4.217367525871474
23.7729468599,26.53125,26.481240177362334,Normal,2.7583031401000007,2.708293317462335
22.3130331283,24.546875,24.50592238381247,Normal,2.233841871700001,2.1928892555124726
27.2743342516,24.671875,24.630351851122697,Overweight,-2.602459251599999,-2.6439824004773023
37.072265625,36.3125,36.21784599438766,Obese II,-0.759765625,-0.854419630612341
49.7411555556,48.4375,48.287504323479745,Severe,-1.3036555556000025,-1.453651232120258
25.2495274102,27.0625,27.0100654134308,Overweight,1.812972589800001,1.7605380032308027
29.7549565605,29.609375,29.545315809876694,Overweight,-0.14558156049999837,-0.20964075062330423
34.0525711662,32.6875,32.60939144239105,Obese I,-1.3650711662000035,-1.443179723808953
41.6238347191,37.09375,36.99553016507658,Severe,-4.530084719100003,-4.628304554023423
28.5021162843,26.96875,26.91674331294813,Overweight,-1.5333662843000013,-1.5853729713518696
32.0044224766,32.53125,32.453854608253266,Obese I,0.5268275234000015,0.4494321316532677
33.084251607,29.609375,29.545315809876694,Obese I,-3.474876606999999,-3.5389357971233046
30.6804205515,34.53125,34.444726085216914,Obese I,3.8508294485000008,3.7643055337169145
32.0789359862,38.0,37.89764380307573,Obese I,5.921064013799999,5.81870781687573
34.9675605536,33.375,33.293753512597306,Obese I,-1.592560553600002,-1.6738070410026964
41.0810810811,37.625,37.524355401145044,Severe,-3.4560810811000025,-3.5567256799549583
27.1129476584,25.3125,25.268052871087615,Overweight,-1.8004476583999995,-1.8448947873123842
25.3940816327,27.640625,27.585551699740606,Overweight,2.2465433672999993,2.191470067040605
20.1136111111,23.53125,23.49493296191687,Normal,3.417638888900001,3.381321850816871
22.5941230487,27.4375,27.383353815361488,Normal,4.843376951300002,4.78923076666149
48.7795918367,44.25,44.11911716858712,Severe,-4.5295918367,-4.660474668112883
29.950295858,32.34375,32.267210407287926,Overweight,2.3934541419999995,2.316914549287926
22.4945369407,26.921875,26.8700822627068,Normal,4.4273380592999985,4.375545322006797
31.6607243385,34.875,34.78690712032004,Obese I,3.2142756615000003,3.126182781820038
41.8675555556,37.9375,37.83542906942061,Severe,-3.930055555599999,-4.032126486179386
37.0298306907,41.90625,41.786064656520345,Obese II,4.8764193092999975,4.756233965820343
35.9936,41.90625,41.786064656520345,Obese II,5.912649999999999,5.792464656520345
24.36357908,26.359375,26.310149659810772,Normal,1.995795919999999,1.9465705798107713
36.0140739351,34.9375,34.84912185397515,Obese II,-1.0765739351000008,-1.1649520811248522
25.2416187264,31.03125,30.960701000530534,Overweight,5.789631273600001,5.719082274130535
44.7511574074,46.6875,46.545491781136555,Severe,1.936342592599999,1.7943343737365538
23.4907551793,23.390625,23.354949811192864,Normal,-0.1001301792999989,-0.1358053681071354
29.1560570988,31.453125,31.380650452702554,Overweight,2.2970679011999984,2.224593353902552
43.1773356401,44.125,43.99468770127689,Severe,0.9476643599000028,0.8173520611768907
34.1668319778,38.0625,37.95985853673084,Obese I,3.895668022199999,3.7930265589308405
21.6307692308,26.65625,26.605669644672563,Normal,5.025480769200001,4.9749004138725645
34.9872685185,29.90625,29.840835794738485,Obese I,-5.081018518500002,-5.146432723761517
35.4369387755,47.84375,47.69646435375616,Obese II,12.406811224499997,12.25952557825616
45.4292052469,37.21875,37.11995963238681,Severe,-8.210455246899997,-8.309245614513188
30.5121527778,27.765625,27.709981167050834,Obese I,-2.746527777800001,-2.8021716107491663
26.4967268399,33.46875,33.38707561307997,Overweight,6.972023160100001,6.890348773179973
24.4303853865,25.625,25.579126539363184,Normal,1.1946146135000006,1.1487411528631846
34.2073961938,28.234375,28.176591669464187,Obese I,-5.973021193800001,-6.030804524335814
29.4112244898,37.96875,37.866536436248175,Overweight,8.557525510200001,8.455311946448177
29.6464100346,27.25,27.196709614396145,Overweight,-2.396410034599999,-2.449700420203854
28.1889062152,28.09375,28.03660851874018,Overweight,-0.0951562151999994,-0.1522976964598186
32.3513513514,34.3125,34.22697451742401,Obese I,1.9611486486000018,1.8756231660240132
28.5885736957,28.875,28.814292689429106,Overweight,0.2864263043000008,0.22571899372910664
21.9458896982,22.4375,22.406175122952376,Normal,0.49161030180000154,0.460285424752378
36.3310810811,31.875,31.80059990487457,Obese II,-4.4560810811000025,-4.5304811762254324
36.9145137576,34.34375,34.25808188425157,Obese II,-2.570763757599998,-2.6564318733484313
31.0011259148,35.5625,35.471269190526286,Obese I,4.561374085200001,4.4701432757262864
47.2014285714,46.15625,46.01666654506809,Severe,-1.045178571400001,-1.18476202633191
43.6486486486,46.96875,46.82545808258457,Severe,3.320101351399998,3.176809433984566
44.0731095679,37.59375,37.49324803431749,Severe,-6.479359567899998,-6.579861533582509
50.2878417969,45.875,45.73670024362008,Severe,-4.412841796899997,-4.551141553279919
24.9542113001,26.03125,25.983522308121426,Normal,1.077038699900001,1.029311008021427
37.6532434041,34.34375,34.25808188425157,Obese II,-3.309493404100003,-3.395161519848436
27.7294444444,29.671875,29.60753054353181,Overweight,1.9424305556000014,1.87808609913181
35.8449531738,33.25,33.16932404528708,Obese II,-2.5949531738000005,-2.6756291285129237
29.0495867769,28.015625,27.95884010167129,Overweight,-1.0339617769,-1.0907466752287114
31.8378378378,41.25,41.13280995314165,Obese I,9.412162162200001,9.294972115341654
46.8249053241,39.40625,39.29747531031579,Severe,-7.418655324100001,-7.527430013784212
26.5743243243,27.578125,27.52333696608549,Overweight,1.003800675699999,0.9490126417854903
24.2079889807,29.9375,29.87194316156604,Normal,5.7295110192999985,5.663954180866039
38.3910943079,32.125,32.049458839495024,Obese II,-6.266094307899998,-6.341635468404974
34.1668319778,31.109375,31.038469417599426,Obese I,-3.057456977800001,-3.128362560200575
28.8851351351,29.09375,29.032044257222005,Overweight,0.20861486489999947,0.14690912212200402
34.1398975273,31.96875,31.893922005357243,Obese I,-2.1711475273000005,-2.245975521942757
26.3350676379,28.265625,28.207699036291746,Overweight,1.9305573621,1.8726313983917464
26.4438657407,27.5,27.4455685490166,Overweight,1.0561342592999985,1.0017028083165975
34.4043268221,32.25,32.17388830680525,Obese I,-2.1543268221000034,-2.2304385152947503
43.9016326531,43.65625,43.528077198863535,Severe,-0.24538265310000185,-0.37355545423646674
20.9184685578,27.609375,27.55444433291305,Normal,6.690906442199999,6.6359757751130495
26.5794753086,28.390625,28.33212850360197,Overweight,1.8111496914000007,1.7526531950019724
25.4924945185,28.75,28.689863222118877,Overweight,3.257505481500001,3.197368703618878
56.1100609116,42.6875,42.56374882720927,Severe,-13.422560911600002,-13.546312084390735
28.2067901235,27.0,26.94785067977569,Overweight,-1.2067901234999994,-1.2589394437243087
36.2731360947,31.90625,31.83170727170213,Obese II,-4.3668860947,-4.441428822997871
46.5122873346,44.4375,44.30576136955246,Severe,-2.0747873346000034,-2.206525965047547
38.616349481,39.0625,38.955294275212665,Obese II,0.4461505189999997,0.3389447942126651
44.9890738814,41.25,41.13280995314165,Severe,-3.739073881400003,-3.8562639282583504
21.1325692042,20.34375,20.321981545506063,Normal,-0.7888192041999993,-0.8105876586939367
34.6092307692,31.359375,31.28732835221988,Obese I,-3.2498557692000034,-3.321902416980123
21.740700692,25.734375,25.688002323259635,Normal,3.9936743079999992,3.9473016312596343
50.9891975309,49.6875,49.531798996582026,Severe,-1.3016975309000003,-1.4573985343179743
40.3466483012,35.375,35.284624989560946,Severe,-4.971648301199998,-5.062023311639052
34.576122449,39.21875,39.11083110935045,Obese I,4.642627550999997,4.5347086603504465
28.4567380671,28.140625,28.083269568981517,Overweight,-0.31611306710000164,-0.37346849811848415
37.9258494031,33.125,33.04489457797685,Obese II,-4.800849403100003,-4.880954825123155
23.6724489796,22.375,22.343960389297262,Normal,-1.2974489795999986,-1.3284885903027366
35.6183148808,34.4375,34.35140398473424,Obese II,-1.1808148807999999,-1.2669108960657596
26.4674012856,28.796875,28.736524272360214,Overweight,2.329473714399999,2.2691229867602125
28.12,28.609375,28.54988007139487,Overweight,0.489374999999999,0.4298800713948694
21.7057340895,22.390625,22.359514072711043,Normal,0.6848909104999983,0.6537799832110416
40.0540540541,41.625,41.50609835507233,Severe,1.5709459459000001,1.4520443009723323
33.610887574,29.984375,29.918604211807377,Obese I,-3.626512574000003,-3.692283362192626
25.2297363281,24.984375,24.94142551939827,Overweight,-0.24536132809999955,-0.28831080870173054
45.2588549788,44.8125,44.67904977148314,Severe,-0.4463549788000023,-0.5798052073168591
28.3190917969,30.0,29.934157895221155,Overweight,1.6809082030999996,1.6150660983211544
37.3020408163,30.421875,30.354107347393175,Obese II,-6.8801658163,-6.947933468906825
33.2845993757,24.625,24.583690800881364,Obese I,-8.659599375699997,-8.700908574818634
30.9944888889,29.8125,29.747513694255815,Obese I,-1.1819888889000012,-1.246975194644186
31.7067346939,35.53125,35.44016182369873,Obese I,3.8245153061000003,3.7334271297987307
39.7972972973,31.03125,30.960701000530534,Obese II,-8.766047297299998,-8.836596296769464
22.5941230487,26.203125,26.154612825672988,Normal,3.6090019513000016,3.5604897769729895
31.3210069058,28.609375,28.54988007139487,Obese I,-2.711631905800001,-2.7711268344051305
23.1823146398,36.4375,36.34227546169788,Normal,13.255185360199999,13.15996082189788
24.4772923875,27.5,27.4455685490166,Normal,3.0227076124999996,2.9682761615165987
26.4967268399,32.125,32.049458839495024,Overweight,5.628273160100001,5.552731999595025
24.8165509259,25.34375,25.29916023791517,Normal,0.5271990741000003,0.4826093120151711
57.7349732196,54.90625,54.72672925678403,Severe,-2.8287232196000005,-3.0082439628159676
31.7517089844,27.4375,27.383353815361488,Obese I,-4.3142089844000004,-4.368355169038512
22.4945369407,22.625,22.59281932391772,Normal,0.13046305929999846,0.0982823832177182
27.8912914104,26.609375,26.559008594431226,Overweight,-1.281916410400001,-1.3322828159687745
34.1100591716,36.78125,36.68445649680101,Obese I,2.6711908284000003,2.574397325201012
22.8049307958,25.234375,25.190284454018723,Normal,2.4294442041999993,2.3853536582187225
25.1071428571,27.1875,27.13449488074103,Overweight,2.0803571428999987,2.027352023641029
32.7614784206,30.546875,30.4785368147034,Obese I,-2.2146034205999996,-2.2829416058965997
30.5121527778,32.46875,32.391639874598155,Obese I,1.9565972221999992,1.8794870967981545
22.1403376165,22.875,22.841678258538174,Normal,0.7346623835000017,0.7013406420381756
28.6623535156,27.328125,27.274478031465037,Overweight,-1.3342285155999996,-1.3878754841349625
20.8030612245,23.515625,23.479379278503092,Normal,2.7125637755000014,2.6763180540030937
40.2341311134,35.5625,35.471269190526286,Severe,-4.671631113399997,-4.762861922873711
33.7484626066,39.59375,39.484119511281136,Obese I,5.8452873934,5.735656904681136
23.3708444444,33.84375,33.76036401501066,Normal,10.4729055556,10.38951957061066
28.4946519047,29.484375,29.420886342566465,Overweight,0.9897230953000005,0.9262344378664658
39.9342838049,34.625,34.53804818569958,Obese II,-5.309283804899998,-5.396235619200418
26.3175675676,27.96875,27.912179051429955,Overweight,1.6511824323999988,1.5946114838299543
26.6027832031,28.453125,28.394343237257086,Overweight,1.8503417969000004,1.7915600341570865
25.9389010117,28.578125,28.518772704567315,Overweight,2.6392239882999995,2.5798716928673144
25.5592105263,32.375,32.29831777411548,Overweight,6.815789473700001,6.7391072478154825
31.0081915564,33.53125,33.44929034673509,Obese I,2.5230584436,2.44109879033509
22.0813098686,21.640625,21.612937268849674,Normal,-0.4406848685999982,-0.4683725997503245
24.2654235271,24.890625,24.848103418915596,Normal,0.6252014728999988,0.5826798918155944
21.4644168962,26.484375,26.434579127121,Normal,5.0199581038000005,4.970162230921002
41.19140625,35.34375,35.25351762273339,Severe,-5.84765625,-5.937888627266609
44.925443787,36.1875,36.09341652707743,Severe,-8.737943786999999,-8.832027259922569
26.2453333333,30.6875,30.618519965427407,Overweight,4.4421666667,4.373186632127407
33.7635135135,37.75,37.64878486845527,Obese I,3.9864864864999987,3.8852713549552718
30.1285714286,29.8125,29.747513694255815,Obese I,-0.3160714286000008,-0.38105773434418566
36.9375117283,35.53125,35.44016182369873,Obese II,-1.4062617283000023,-1.497349904601272
27.6208284024,28.3125,28.25436008653308,Overweight,0.6916715975999992,0.6335316841330787
34.4326530612,31.1875,31.11623783466832,Obese I,-3.2451530612,-3.3164152265316815
33.1219450743,31.40625,31.333989402461217,Obese I,-1.715695074300001,-1.787955671838784
24.3693755739,18.984375,18.968811088507337,Normal,-5.385000573900001,-5.400564485392664
36.487276392,37.09375,36.99553016507658,Obese II,0.6064736080000017,0.5082537730765821
33.3707204369,39.53125,39.42190477762602,Obese I,6.160529563099999,6.051184340726017
29.5794910557,33.96875,33.88479348232089,Overweight,4.3892589443,4.305302426620887
41.2426666667,47.09375,46.9498875498948,Severe,5.8510833332999965,5.707220883194793
25.6756756757,23.15625,23.121644559986187,Overweight,-2.519425675699999,-2.554031115713812
25.0647401013,26.34375,26.294595976396995,Overweight,1.2790098987,1.2298558750969946
36.2779133046,36.125,36.03120179342231,Obese II,-0.1529133045999984,-0.2467115111776863
31.2814201183,34.625,34.53804818569958,Obese I,3.3435798816999984,3.2566280673995784
25.6035379813,26.875,26.823421212465462,Overweight,1.2714620186999994,1.2198832311654613
22.237755102,22.8125,22.77946352488306,Normal,0.5747448979999987,0.5417084228830582
21.2982846959,27.703125,27.64776643339572,Normal,6.404840304099999,6.349481737495719
38.211628425,40.71875,40.60398471707318,Obese II,2.5071215749999993,2.392356292073181
30.7219238281,41.03125,40.91505838534875,Obese I,10.3093261719,10.19313455724875
30.6634527089,34.09375,34.009222949631116,Obese I,3.4302972911000005,3.3457702407311167
33.9829101562,31.734375,31.660616754150563,Obese I,-2.248535156199999,-2.3222934020494357
49.7607645453,36.5,36.404490195353,Severe,-13.260764545299999,-13.356274349947
36.9587881488,31.28125,31.20955993515099,Obese II,-5.6775381487999965,-5.749228213649008
40.6059651334,38.46875,38.364254305489084,Severe,-2.137215133399998,-2.2417108279109144
33.4695496925,34.34375,34.25808188425157,Obese I,0.8742003074999971,0.788532191751564
40.4225,31.984375,31.90947568877102,Severe,-8.438125,-8.513024311228978
46.0693131695,37.6875,37.58657013480016,Severe,-8.381813169499999,-8.482743034699837
30.0354003906,34.65625,34.569155552527135,Obese I,4.6208496094000004,4.533755161927136
33.6700824237,31.1875,31.11623783466832,Obese I,-2.482582423700002,-2.5538445890316837
51.9763557891,49.84375,49.68733583071981,Severe,-2.1326057890999977,-2.2890199583801873
34.9675605536,32.6875,32.60939144239105,Obese I,-2.280060553600002,-2.3581691112089516
41.1535812672,42.25,42.128245691623476,Severe,1.0964187327999966,0.974664424423473
28.5885736957,25.65625,25.610233906190743,Overweight,-2.932323695699999,-2.9783397895092563
22.044766436,23.109375,23.07498350974485,Normal,1.0646085640000003,1.0302170737448506
31.7398548777,37.6875,37.58657013480016,Obese I,5.947645122299999,5.846715257100161
46.1718896603,45.65625,45.518948675827176,Severe,-0.5156396603000033,-0.6529409844728278
31.0147058824,29.609375,29.545315809876694,Obese I,-1.4053308824000013,-1.4693900725233071
33.2243441358,33.0,32.92046511066662,Obese I,-0.22434413580000268,-0.3038790251333836
28.884837963,35.28125,35.19130288907828,Overweight,6.396412037000001,6.306464926078281
29.8696888889,27.734375,27.67887380022328,Overweight,-2.1353138889000007,-2.1908150886767217
27.4609375,29.15625,29.09425899087712,Overweight,1.6953125,1.633321490877119
29.4440686785,39.03125,38.92418690838511,Overweight,9.587181321500001,9.480118229885111
25.8401596303,23.875,23.837113997019998,Overweight,-1.9651596303000005,-2.003045633280003
23.1701660156,28.5625,28.503219021153537,Normal,5.3923339844000004,5.333053005553538
42.3101851852,35.875,35.78234285880186,Severe,-6.435185185199998,-6.527842326398137
32.6184210526,32.0625,31.987244105839913,Obese I,-0.5559210525999987,-0.6311769467600854
29.5500093826,23.5625,23.526040328744426,Overweight,-5.987509382599999,-6.0239690538555735
37.3581081081,30.390625,30.322999980565616,Obese II,-6.967483108099998,-7.035108127534382
37.7644628099,40.0,39.88851528003937,Obese II,2.235537190099997,2.124052470139368
30.1792929293,26.0625,26.01462967494898,Obese I,-4.116792929300001,-4.164663254351019
46.8249053241,42.96875,42.84371512865728,Severe,-3.8561553241000013,-3.9811901954427213
30.3415274911,35.3125,35.222410255905835,Obese I,4.970972508900001,4.880882764805836
32.9117238643,31.78125,31.7072778043919,Obese I,-1.1304738643000007,-1.2044460599081006
22.4263464065,21.671875,21.644044635677233,Normal,-0.7544714064999987,-0.782301770822766
36.9756738988,31.90625,31.83170727170213,Obese II,-5.069423898799997,-5.143966627097868
38.2736816406,35.96875,35.87566495928453,Obese II,-2.304931640600003,-2.3980166813154753
38.2567085757,31.34375,31.271774668806103,Obese II,-6.912958575700003,-6.9849339068939
33.7153061224,33.125,33.04489457797685,Obese I,-0.5903061224000012,-0.6704115444231533
25.1249704142,29.046875,28.985383206980668,Overweight,3.9219045858,3.860412792780668
38.7327823691,33.5,33.418182979907535,Obese II,-5.232782369100001,-5.314599389192466
26.5784499055,27.03125,26.978958046603246,Overweight,0.4528000944999988,0.40050814110324495
23.7075976989,25.21875,25.174730770604945,Normal,1.511152301100001,1.4671330717049464
33.6396484375,39.9375,39.82630054638426,Obese I,6.2978515625,6.18665210888426
36.6736723588,38.59375,38.48868377279931,Obese II,1.9200776412000025,1.815011413999315
37.2926311728,26.34375,26.294595976396995,Obese II,-10.9488811728,-10.998035196403006
39.4623842593,42.96875,42.84371512865728,Obese II,3.506365740699998,3.381330869357278
23.6252888049,21.328125,21.301863600574105,Normal,-2.2971638048999985,-2.3234252043258934
39.2430222222,36.6875,36.59113439631834,Obese II,-2.555522222199997,-2.6518878258816585
23.7316743827,31.109375,31.038469417599426,Normal,7.3777006173,7.306795034899427
26.9098183391,28.328125,28.26991376994686,Overweight,1.4183066609000008,1.3600954308468616
39.5285467128,29.921875,29.856389478152263,Obese II,-9.6066717128,-9.672157234647738
45.7286700824,43.40625,43.27921826424308,Severe,-2.3224200824000008,-2.4494518181569234
31.9269031142,31.09375,31.02291573418565,Obese I,-0.8331531142000017,-0.9039873800143532
32.991133218,29.078125,29.016490573808227,Obese I,-3.9130082180000016,-3.974642644191775
22.8602526203,29.109375,29.047597940635782,Normal,6.249122379700001,6.187345320335783
29.285855981,31.765625,31.691724120978122,Overweight,2.479769018999999,2.4058681399781214
46.8076034447,38.375,38.27093220500641,Severe,-8.4326034447,-8.53667123969359
32.0945945946,29.390625,29.327564242083795,Obese I,-2.7039695945999966,-2.767030352516201
29.2105263158,33.84375,33.76036401501066,Overweight,4.633223684200001,4.549837699210659
21.8243243243,25.125,25.081408670122272,Normal,3.300675675699999,3.257084345822271
36.8021831143,35.15625,35.06687342176805,Obese II,-1.6459331143,-1.735309692531949
27.4540186445,26.796875,26.74565279539657,Overweight,-0.6571436444999996,-0.7083658491034299
39.1671428571,45.3125,45.17676764072405,Obese II,6.1453571428999965,6.009624783624048
30.0681666295,28.953125,28.892061106497998,Obese I,-1.1150416294999985,-1.1761055230020006
73.8750234566,67.625,67.3874275555997,Severe,-6.250023456600005,-6.487595901000304
28.4069387755,22.46875,22.437282489779935,Overweight,-5.938188775499999,-5.969656285720063
40.6059651334,38.65625,38.55089850645442,Severe,-1.949715133399998,-2.0550666269455746
33.8112792969,35.4375,35.346839723216064,Obese I,1.626220703100003,1.5355604263160672
29.9831382662,33.03125,32.951572477494175,Overweight,3.048111733799999,2.9684342112941735
41.1535812672,43.46875,43.341432997898195,Severe,2.3151687327999966,2.187851730698192
21.3769387755,19.203125,19.186562656300236,Normal,-2.173813775500001,-2.1903761191997653
31.8682484568,30.796875,30.727395749323858,Obese I,-1.0713734568,-1.1408527074761423
25.7994445547,27.34375,27.290031714878815,Overweight,1.544305445300001,1.4905871601788157
55.1249721542,44.5,44.367976103207575,Severe,-10.624972154200002,-10.756996050992427
33.2230623819,24.0,23.961543464330223,Obese I,-9.2230623819,-9.261518917569777
30.1285714286,28.703125,28.643202171877544,Obese I,-1.4254464286000008,-1.485369256722457
63.9090909091,40.9375,40.821736284866084,Severe,-22.9715909091,-23.087354624233917
37.8561851211,34.15625,34.07143768328623,Obese II,-3.6999351210999976,-3.7847474378137704
36.3119834711,37.625,37.524355401145044,Obese II,1.3130165289000004,1.2123719300450446
35.4379332073,36.4375,36.34227546169788,Obese II,0.9995667927000014,0.9043422543978821
37.0151020408,32.28125,32.20499567363281,Obese II,-4.733852040800002,-4.810106367167194
41.5547006943,37.15625,37.05774489873169,Severe,-4.398450694300003,-4.4969557955683115
25.9976211073,21.875,21.846242520056354,Overweight,-4.122621107299999,-4.151378587243645
26.6057525952,25.1875,25.143623403777386,Overweight,-1.4182525951999985,-1.462129191422612
22.7314024995,28.5,28.441004287498423,Normal,5.7685975005,5.709601787998423
32.7676996725,37.34375,37.24438909969703,Obese I,4.576050327499999,4.47668942719703
57.387755102,60.25,60.04608898429627,Severe,2.862244898,2.6583338822962688
25.8218549128,26.28125,26.23238124274188,Overweight,0.4593950872000008,0.4105263299418809
25.8455882353,28.796875,28.736524272360214,Overweight,2.9512867647000007,2.8909360370602144
30.6634527089,30.8125,30.742949432737635,Obese I,0.14904729110000048,0.07949672383763584
40.8607419163,40.0625,39.95073001369449,Severe,-0.7982419163000003,-0.9100119026055111
38.464316609,37.875,37.7732143357655,Obese II,-0.5893166090000008,-0.6911022732344989
46.0693131695,43.34375,43.21700353058797,Severe,-2.725563169499999,-2.8523096389120326
43.5260145682,37.0,36.90220806459391,Severe,-6.526014568199997,-6.62380650360609
36.1263888889,29.90625,29.840835794738485,Obese II,-6.220138888900003,-6.285553094161518
38.0791666667,33.375,33.293753512597306,Obese II,-4.704166666699997,-4.785413154102692
39.7673372781,42.25,42.128245691623476,Obese II,2.482662721899999,2.3609084135234752
25.8482037443,27.890625,27.834410634361063,Overweight,2.042421255699999,1.9862068900610623
32.5462962963,36.59375,36.497812295835665,Obese I,4.0474537037000005,3.9515159995356655
29.9831382662,34.125,34.04033031645867,Overweight,4.141861733799999,4.057192050258671
50.1136110492,46.15625,46.01666654506809,Severe,-3.957361049200003,-4.096944504131912
17.7162162162,27.640625,27.585551699740606,Under,9.9244087838,9.869335483540606
27.1219135802,27.453125,27.398907498775266,Overweight,0.3312114197999989,0.2769939185752648
37.0621718126,34.65625,34.569155552527135,Obese II,-2.405921812599999,-2.4930162600728636
41.3988888889,34.28125,34.195867150596456,Severe,-7.117638888899997,-7.203021738303541
25.8244897959,28.3125,28.25436008653308,Overweight,2.4880102041,2.4298702906330796
29.5316110061,33.0,32.92046511066662,Overweight,3.4683889938999997,3.3888541045666187
31.9269031142,31.140625,31.06957678442698,Obese I,-0.7862781142000017,-0.85732632977302
34.8931720836,34.03125,33.947008215976,Obese I,-0.8619220835999997,-0.9461638676240014
37.4651904673,36.875,36.77777859728368,Obese II,-0.5901904672999976,-0.6874118700163194
30.7128754463,32.6875,32.60939144239105,Obese I,1.9746245537,1.8965159960910505
22.7314024995,27.109375,27.05672646367214,Normal,4.3779725005,4.325323964172139
42.5342194009,41.78125,41.661635189210116,Severe,-0.7529694008999996,-0.8725842116898832
37.2297297297,35.03125,34.94244395445782,Obese II,-2.198479729699997,-2.287285775242175
31.4209816158,27.65625,27.601105383154383,Obese I,-3.764731615799999,-3.8198762326456155
35.5855912623,34.78125,34.693585019837364,Obese II,-0.8043412622999995,-0.8920062424626352
26.5684051398,26.375,26.32570334322455,Overweight,-0.1934051397999994,-0.24270179657544944
35.8403094624,35.25,35.16019552225072,Obese II,-0.5903094624000005,-0.6801139401492833
23.0103154136,15.0078125,15.010398659700714,Normal,-8.0025029136,-7.999916753899287
21.5886678201,24.046875,24.00820451457156,Normal,2.4582071799000005,2.41953669447156
40.6828703704,37.09375,36.99553016507658,Severe,-3.5891203704000034,-3.687340205323423
30.4065743945,32.96875,32.889357743839064,Obese I,2.5621756054999985,2.482783349339062
22.6713249127,22.046875,22.017333037607916,Normal,-0.6244499127000012,-0.6539918750920855
31.5632653061,33.6875,33.604827180872874,Obese I,2.1242346939,2.0415618747728743
33.610887574,35.71875,35.62680602466408,Obese I,2.107862425999997,2.015918450664074
30.5502929688,28.140625,28.083269568981517,Obese I,-2.409667968800001,-2.4670233998184834
31.7464818315,33.125,33.04489457797685,Obese I,1.3785181685000012,1.2984127464768491
35.9936,31.140625,31.06957678442698,Obese II,-4.852975000000001,-4.924023215573019
36.3119834711,29.078125,29.016490573808227,Obese II,-7.2338584711,-7.295492897291773
23.7747138398,27.921875,27.86551800118862,Normal,4.1471611602,4.090804161388618
32.5905769715,32.5,32.42274724142571,Obese I,-0.0905769714999991,-0.16782973007428836
25.0877700617,24.890625,24.848103418915596,Overweight,-0.1971450616999988,-0.2396666427844032
37.4933333333,37.71875,37.61767750162772,Obese II,0.22541666669999927,0.12434416832771689
27.669982699,26.734375,26.683438061741455,Overweight,-0.9356076989999984,-0.9865446372585431
37.2297297297,37.1875,37.08885226555925,Obese II,-0.042229729699997165,-0.14087746414075042
37.4076861059,33.375,33.293753512597306,Obese II,-4.032686105899998,-4.1139325933026925
32.1884030775,32.625,32.54717670873594,Obese I,0.4365969225000015,0.3587736312359411
28.1889062152,29.203125,29.140920041118452,Overweight,1.0142187848000006,0.9520138259184527
46.5116952551,41.6875,41.56831308872745,Severe,-4.824195255100001,-4.943382166372551
36.2586788336,41.875,41.75495728969279,Obese II,5.616321166399999,5.496278456092789
35.5804081633,36.71875,36.622241763145894,Obese II,1.1383418367000004,1.0418335998458943
31.0361842105,33.78125,33.69814928135554,Obese I,2.7450657895,2.6619650708555405
50.2142857143,46.375,46.234418112860986,Severe,-3.839285714299997,-3.979867601439011
42.5965693918,43.5625,43.43475509838086,Severe,0.9659306081999972,0.8381857065808589
25.3589891975,27.96875,27.912179051429955,Overweight,2.6097608024999985,2.553189853929954
38.5135135135,42.25,42.128245691623476,Obese II,3.7364864864999987,3.614732178123475
26.5794753086,28.765625,28.705416905532655,Overweight,2.1861496914000007,2.1259415969326554
29.0812984774,25.28125,25.23694550426006,Overweight,-3.8000484774000007,-3.844352973139941
31.6142011834,38.0625,37.95985853673084,Obese I,6.448298816600001,6.345657353330843
40.9012812434,41.6875,41.56831308872745,Severe,0.7862187566000003,0.6670318453274504
40.8481445312,40.3125,40.19958894831494,Severe,-0.5356445311999991,-0.6485555828850593
27.9934210526,30.75,30.68073469908252,Overweight,2.7565789474000013,2.6873136464825222
25.8218549128,24.09375,24.054865564812896,Overweight,-1.7281049127999992,-1.7669893479871028
19.5118367347,21.84375,21.815135153228795,Normal,2.331913265299999,2.3032984185287937
34.1457142857,30.328125,30.2607852469105,Obese I,-3.817589285700002,-3.884929038789501
29.950295858,34.03125,33.947008215976,Overweight,4.0809541419999995,3.9967123579759978
61.9587402344,56.0,55.81548709574852,Severe,-5.958740234399997,-6.143253138651474
23.2892283277,28.140625,28.083269568981517,Normal,4.851396672300002,4.794041241281519
28.2426538108,29.78125,29.716406327428256,Overweight,1.5385961891999997,1.473752516628256
29.9337364575,30.515625,30.447429447875844,Overweight,0.5818885424999998,0.5136929903758443
50.5012244898,36.4375,36.34227546169788,Severe,-14.063724489800002,-14.158949028102121
42.9923555556,40.84375,40.72841418438341,Severe,-2.1486055555999997,-2.263941371216589
22.9551020408,20.625,20.601947846954076,Normal,-2.3301020408,-2.353154193845924
24.3918918919,25.0625,25.01919393646716,Normal,0.6706081081000015,0.6273020445671627
23.5650951557,35.21875,35.12908815542316,Normal,11.6536548443,11.563992999723162
25.7243385251,32.375,32.29831777411548,Overweight,6.6506614749000015,6.573979249015483
31.1902006173,28.59375,28.534326387981093,Obese I,-2.5964506173000004,-2.6558742293189077
27.6311413454,35.40625,35.3157323563885,Overweight,7.7751086546,7.684591010988502
29.7610052285,29.03125,28.96982952356689,Overweight,-0.7297552285000002,-0.7911757049331101
40.8951022706,44.59375,44.46129820369024,Severe,3.698647729400001,3.566195933090242
25.0149219467,26.515625,26.465686493948557,Overweight,1.5007030533000005,1.450764547248557
33.2243441358,32.625,32.54717670873594,Obese I,-0.5993441358000027,-0.6771674270640631
35.6183148808,37.9375,37.83542906942061,Obese II,2.3191851192,2.217114188620613
25.0647401013,31.921875,31.847260955115907,Overweight,6.8571348987,6.782520853815907
23.5650951557,24.796875,24.754781318432926,Normal,1.2317798443,1.1896861627329258
28.7567567568,32.65625,32.578284075563495,Overweight,3.8994932431999985,3.8215273187634935
24.3252595156,31.625,31.551740970254116,Normal,7.299740484400001,7.226481454654117
30.6945867677,27.09375,27.04117278025836,Obese I,-3.600836767699999,-3.6534139874416383
29.6822222222,26.5,26.45013281053478,Overweight,-3.1822222222,-3.2320894116652212
31.6142011834,35.03125,34.94244395445782,Obese I,3.4170488166000013,3.3282427710578233
21.924704834,21.5625,21.53516885178078,Normal,-0.3622048339999999,-0.38953598221921837
23.2610294118,29.0,28.938722156739335,Normal,5.738970588200001,5.6776927449393355
31.7517089844,32.09375,32.01835147266747,Obese I,0.34204101559999955,0.2666424882674683
31.8820861678,35.65625,35.56459129100896,Obese I,3.7741638321999993,3.6825051232089585
27.7518349534,27.484375,27.43001486560282,Overweight,-0.2674599533999995,-0.3218200877971782
45.4797959184,40.375,40.26180368197006,Severe,-5.104795918400001,-5.217992236429943
37.346875,39.25,39.141938476178005,Obese II,1.9031250000000028,1.795063476178008
21.924704834,21.890625,21.86179620347013,Normal,-0.03407983399999992,-0.0629086305298685
21.5801248699,22.25,22.219530921987037,Normal,0.6698751300999994,0.6394060520870362
31.6142011834,29.28125,29.218688458187344,Obese I,-2.3329511833999987,-2.3955127252126545
40.6018367347,42.0,41.87938675700302,Severe,1.3981632652999991,1.2775500223030178
25.6827916352,28.6875,28.627648488463763,Overweight,3.004708364799999,2.9448568532637616
34.2991180334,35.75,35.65791339149163,Obese I,1.4508819666000008,1.3587953580916334
28.2067901235,33.78125,33.69814928135554,Overweight,5.574459876500001,5.491359157855541
32.9188345473,30.046875,29.98081894546249,Obese I,-2.8719595473000012,-2.9380156018375096
29.0223306436,27.484375,27.43001486560282,Overweight,-1.5379556436000001,-1.5923157779971788
24.0283203125,26.859375,26.807867529051684,Normal,2.8310546875,2.779547216551684
35.6075739645,30.6875,30.618519965427407,Obese II,-4.9200739644999985,-4.989053999072592
27.3167401806,27.0,26.94785067977569,Overweight,-0.3167401806000001,-0.3688895008243094
33.4695496925,36.59375,36.497812295835665,Obese I,3.124200307499997,3.028262603335662
36.8021831143,34.1875,34.10254505011378,Obese II,-2.6146831143,-2.6996380641862174
34.2991180334,34.9375,34.84912185397515,Obese I,0.6383819666000008,0.5500038205751494
31.8215400624,38.71875,38.61311324010954,Obese I,6.8972099376,6.791573177709541
34.4531075963,25.4375,25.392482338397844,Obese I,-9.0156075963,-9.060625257902156
25.8244897959,27.90625,27.84996431777484,Overweight,2.0817602041,2.025474521874841
31.9936734694,32.375,32.29831777411548,Obese I,0.3813265305999991,0.304644304715481
24.6200554296,26.734375,26.683438061741455,Normal,2.1143195703999993,2.0633826321414546
29.9337364575,29.671875,29.60753054353181,Overweight,-0.2618614575000002,-0.32620591396819165
34.5389266818,31.015625,30.945147317116756,Obese I,-3.5233016817999996,-3.593779364683243
20.0857142857,22.1875,22.157316188331922,Normal,2.1017857143,2.0716019026319223
24.4097222222,23.234375,23.19941297705508,Normal,-1.1753472221999992,-1.21030924514492
26.6057525952,28.15625,28.098823252395295,Overweight,1.5504974048000015,1.4930706571952967
25.1071428571,29.359375,29.296456875256236,Overweight,4.252232142899999,4.189314018156235
51.6796613945,43.8125,43.68361403300132,Severe,-7.867161394500002,-7.9960473614986824
35.2584876543,42.53125,42.40821199307148,Obese II,7.272762345700002,7.149724338771485
53.0339355469,48.5625,48.41193379078997,Severe,-4.471435546899997,-4.6220017561100235
26.4560946746,29.953125,29.887496844979818,Overweight,3.497030325400001,3.431402170379819
34.7663176654,31.640625,31.567294653667894,Obese I,-3.1256926654000026,-3.199023011732109
24.7813581315,28.21875,28.16103798605041,Normal,3.4373918685000007,3.3796798545504103
28.5296566077,26.6875,26.63677701150012,Overweight,-1.8421566077000016,-1.892879596199883
34.5519848771,30.296875,30.229677880082946,Obese I,-4.255109877099997,-4.322306997017051
24.9955555556,24.109375,24.070419248226674,Normal,-0.8861805555999993,-0.9251363073733252
22.4823972051,32.21875,32.1427809399777,Normal,9.7363527949,9.660383734877698
57.4897777778,45.3125,45.17676764072405,Severe,-12.1772777778,-12.313010137075949
38.9669942051,35.625,35.533483924181404,Obese II,-3.3419942051000007,-3.433510280918597
