y_true,y_pred,resid,abs_error
53.8951900861,47.71875,-6.176440086100001,6.176440086100001
26.3175675676,32.5,6.182432432399999,6.182432432399999
40.1714285714,39.0625,-1.1089285714,1.1089285714
40.8607419163,41.59375,0.7330080836999997,0.7330080836999997
24.4097222222,25.578125,1.1684027778000008,1.1684027778000008
54.7502441406,40.59375,-14.156494140600003,14.156494140600003
25.7658179012,30.4375,4.671682098800002,4.671682098800002
32.3692444444,33.3125,0.9432555555999969,0.9432555555999969
30.5121527778,32.46875,1.9565972221999992,1.9565972221999992
38.6169433594,39.625,1.008056640600003,1.008056640600003
41.3815789474,38.4375,-2.9440789474000013,2.9440789474000013
27.0665972945,25.046875,-2.0197222944999993,2.0197222944999993
27.7518349534,30.578125,2.8262900466000005,2.8262900466000005
23.0103154136,28.859375,5.849059586399999,5.849059586399999
39.7776787703,36.9375,-2.8401787702999997,2.8401787702999997
37.2438964844,33.9375,-3.306396484399997,3.306396484399997
37.1570216049,30.59375,-6.563271604900002,6.563271604900002
30.5020661157,37.3125,6.8104338843,6.8104338843
27.0926709735,23.875,-3.217670973499999,3.217670973499999
35.896264445,32.625,-3.271264445,3.271264445
41.0488754325,38.53125,-2.5176254324999974,2.5176254324999974
51.4892578125,37.6875,-13.8017578125,13.8017578125
41.19140625,36.59375,-4.59765625,4.59765625
24.0093826234,18.484375,-5.5250076234000005,5.5250076234000005
43.0067567568,35.4375,-7.5692567568000015,7.5692567568000015
46.1718896603,40.40625,-5.765639660300003,5.765639660300003
41.606122449,41.34375,-0.26237244899999723,0.26237244899999723
26.6057525952,32.25,5.6442474048000015,5.6442474048000015
33.2230623819,33.65625,0.43318761809999984,0.43318761809999984
36.6145833333,41.46875,4.854166666700003,4.854166666700003
33.4472318339,30.875,-2.5722318338999983,2.5722318338999983
28.9808163265,27.78125,-1.1995663265000012,1.1995663265000012
26.9098183391,29.59375,2.683931660900001,2.683931660900001
33.4695496925,34.34375,0.8742003074999971,0.8742003074999971
33.8587755102,39.90625,6.047474489800003,6.047474489800003
37.597110152,38.625,1.027889848000001,1.027889848000001
40.6059651334,31.5,-9.105965133399998,9.105965133399998
28.0550304558,26.65625,-1.3987804558000008,1.3987804558000008
40.3466483012,35.375,-4.971648301199998,4.971648301199998
36.1263888889,29.90625,-6.220138888900003,6.220138888900003
31.9545454545,26.640625,-5.3139204545,5.3139204545
29.598351526,30.90625,1.3078984740000017,1.3078984740000017
36.9559611188,37.09375,0.13778888120000232,0.13778888120000232
29.5316110061,29.890625,0.35901399389999966,0.35901399389999966
35.7059478726,30.25,-5.4559478725999995,5.4559478725999995
31.8820861678,42.6875,10.8054138322,10.8054138322
48.7795918367,39.53125,-9.2483418367,9.2483418367
39.4750976562,37.375,-2.100097656199999,2.100097656199999
54.7697368421,51.53125,-3.238486842100002,3.238486842100002
32.0945945946,28.671875,-3.4227195945999966,3.4227195945999966
27.1219135802,26.078125,-1.043788580200001,1.043788580200001
27.9073724008,28.484375,0.5770025992000001,0.5770025992000001
57.427843524,39.75,-17.677843523999996,17.677843523999996
29.6269510926,32.65625,3.029298907400001,3.029298907400001
20.0119375574,25.3125,5.3005624426,5.3005624426
27.2591836735,27.671875,0.4126913264999992,0.4126913264999992
41.722972973,36.28125,-5.441722972999997,5.441722972999997
23.5289795918,33.125,9.596020408200001,9.596020408200001
26.636183297,27.671875,1.0356917030000012,1.0356917030000012
26.8287755102,31.03125,4.2024744898,4.2024744898
38.3682334596,38.25,-0.11823345959999898,0.11823345959999898
32.1894559966,33.4375,1.2480440033999969,1.2480440033999969
28.8373469388,25.359375,-3.4779719387999997,3.4779719387999997
30.1792929293,26.0625,-4.116792929300001,4.116792929300001
35.6183148808,36.0,0.38168511920000014,0.38168511920000014
33.6311728395,35.6875,2.056327160499997,2.056327160499997
35.8403094624,35.25,-0.5903094624000005,0.5903094624000005
35.7277249135,31.140625,-4.587099913499998,4.587099913499998
32.0945945946,33.25,1.1554054054000034,1.1554054054000034
24.4048799841,25.046875,0.641995015900001,0.641995015900001
37.0621718126,41.53125,4.469078187400001,4.469078187400001
31.7517089844,30.875,-0.8767089844000004,0.8767089844000004
25.7243385251,25.09375,-0.6305885250999985,0.6305885250999985
28.9719313878,27.203125,-1.7688063878000015,1.7688063878000015
36.7434666667,32.0625,-4.680966666700002,4.680966666700002
25.5472972973,28.0,2.4527027027000017,2.4527027027000017
24.8202040816,29.171875,4.3516709184,4.3516709184
28.2426538108,27.9375,-0.30515381080000026,0.30515381080000026
38.0082179931,33.28125,-4.726967993099997,4.726967993099997
26.9150962111,28.21875,1.3036537889000002,1.3036537889000002
30.0681666295,27.859375,-2.2087916294999985,2.2087916294999985
21.9078947368,24.4375,2.5296052632000006,2.5296052632000006
33.4695496925,38.03125,4.561700307499997,4.561700307499997
40.3466483012,38.46875,-1.8778983011999983,1.8778983011999983
32.7614784206,32.59375,-0.1677284205999996,0.1677284205999996
40.3466483012,38.4375,-1.9091483011999983,1.9091483011999983
37.7855415211,39.25,1.4644584788999992,1.4644584788999992
23.1210996795,26.171875,3.0507753205000014,3.0507753205000014
24.71484375,23.671875,-1.04296875,1.04296875
19.7702702703,23.75,3.9797297297000007,3.9797297297000007
32.7800882168,30.609375,-2.170713216800003,2.170713216800003
39.1554054054,32.28125,-6.874155405400003,6.874155405400003
45.4797959184,44.21875,-1.2610459184000007,1.2610459184000007
24.3706666667,26.078125,1.7074583333,1.7074583333
32.573847182,33.46875,0.8949028179999985,0.8949028179999985
41.0488754325,31.5625,-9.486375432499997,9.486375432499997
26.9098183391,30.71875,3.808931660900001,3.808931660900001
46.8581081081,36.34375,-10.514358108099998,10.514358108099998
27.8912914104,26.109375,-1.781916410400001,1.781916410400001
26.2178139258,30.3125,4.094686074199998,4.094686074199998
31.0491666667,30.15625,-0.8929166666999997,0.8929166666999997
43.9016326531,43.65625,-0.24538265310000185,0.24538265310000185
25.0568055246,28.359375,3.3025694753999986,3.3025694753999986
27.1219135802,29.84375,2.721836419799999,2.721836419799999
33.2230623819,34.375,1.1519376180999998,1.1519376180999998
26.3060146924,32.0625,5.756485307599998,5.756485307599998
26.7763157895,29.546875,2.7705592105,2.7705592105
39.3267746914,32.9375,-6.389274691399997,6.389274691399997
24.6588951901,28.1875,3.528604809899999,3.528604809899999
28.4780092593,30.265625,1.7876157407000015,1.7876157407000015
19.5756293161,23.59375,4.018120683900001,4.018120683900001
32.2806122449,35.625,3.3443877551000014,3.3443877551000014
29.5794910557,24.375,-5.2044910557,5.2044910557
26.9863040123,27.40625,0.41994598770000025,0.41994598770000025
18.4572568788,25.5625,7.105243121200001,7.105243121200001
34.9675605536,37.53125,2.563689446399998,2.563689446399998
36.2586788336,41.875,5.616321166399999,5.616321166399999
30.7822485207,26.375,-4.407248520700001,4.407248520700001
39.5285467128,38.96875,-0.5597967128000008,0.5597967128000008
35.5275878906,27.390625,-8.136962890600003,8.136962890600003
33.6311728395,44.125,10.493827160499997,10.493827160499997
24.273780352,28.5625,4.288719648000001,4.288719648000001
35.8673469388,37.21875,1.3514030612000028,1.3514030612000028
43.5334959655,41.65625,-1.877245965500002,1.877245965500002
35.549342838,39.15625,3.606907161999999,3.606907161999999
29.3697777778,34.5,5.1302222222000005,5.1302222222000005
46.3179522498,40.3125,-6.005452249800001,6.005452249800001
39.8676748582,40.8125,0.9448251418000027,0.9448251418000027
47.1301903114,43.03125,-4.0989403114,4.0989403114
22.9551020408,22.6875,-0.26760204079999994,0.26760204079999994
24.4048799841,22.46875,-1.936129984099999,1.936129984099999
25.6599880976,25.65625,-0.003738097599999435,0.003738097599999435
37.4378698225,33.09375,-4.344119822499998,4.344119822499998
27.3945176028,21.40625,-5.988267602800001,5.988267602800001
30.8459183673,32.59375,1.7478316326999987,1.7478316326999987
35.9403550296,41.0,5.059644970400001,5.059644970400001
27.8912914104,29.265625,1.374333589599999,1.374333589599999
40.1714285714,41.28125,1.1098214286,1.1098214286
34.0789473684,46.1875,12.108552631599999,12.108552631599999
31.5278407659,31.515625,-0.012215765899998843,0.012215765899998843
26.775639754,30.921875,4.146235246,4.146235246
25.9878176854,30.3125,4.3246823146,4.3246823146
26.7888757396,25.28125,-1.5076257396000017,1.5076257396000017
33.6700824237,33.1875,-0.48258242370000204,0.48258242370000204
40.9540895062,33.3125,-7.641589506199999,7.641589506199999
26.790174472,30.109375,3.3192005279999997,3.3192005279999997
31.4527027027,36.0,4.547297297299998,4.547297297299998
24.36357908,23.921875,-0.44170408000000094,0.44170408000000094
41.2426666667,41.8125,0.5698333332999965,0.5698333332999965
23.7171280277,25.359375,1.6422469723000006,1.6422469723000006
29.1560570988,34.9375,5.781442901199998,5.781442901199998
28.5885736957,38.65625,10.0676763043,10.0676763043
42.0389660494,49.59375,7.554783950599997,7.554783950599997
32.277318641,28.953125,-3.324193641000001,3.324193641000001
25.0854238754,23.015625,-2.0697988754,2.0697988754
21.2982846959,24.0625,2.7642153040999986,2.7642153040999986
33.6700824237,37.4375,3.767417576299998,3.767417576299998
26.7577854671,28.984375,2.2265895329000003,2.2265895329000003
25.7243385251,30.71875,4.9944114749000015,4.9944114749000015
36.2435555556,31.65625,-4.587305555599997,4.587305555599997
49.2229109275,47.96875,-1.2541609275000027,1.2541609275000027
28.0550304558,29.390625,1.3355945441999992,1.3355945441999992
27.6895918367,28.5625,0.8729081633,0.8729081633
35.2824836342,35.46875,0.18626636580000167,0.18626636580000167
28.693877551,35.0625,6.368622449,6.368622449
24.4048799841,25.46875,1.063870015900001,1.063870015900001
26.4307918505,28.671875,2.2410831494999996,2.2410831494999996
49.378251821,40.0,-9.378251821,9.378251821
26.289704142,28.546875,2.2571708579999985,2.2571708579999985
20.8284695923,23.53125,2.7027804077000006,2.7027804077000006
19.4834971025,21.546875,2.0633778975000006,2.0633778975000006
25.3700155937,26.734375,1.3643594063000002,1.3643594063000002
25.5448435203,29.6875,4.142656479700001,4.142656479700001
24.2654235271,23.5,-0.7654235271000012,0.7654235271000012
29.0495867769,32.46875,3.4191632231,3.4191632231
37.7290298367,31.703125,-6.0259048367000005,6.0259048367000005
27.5624860771,29.296875,1.7343889228999991,1.7343889228999991
31.7464818315,33.125,1.3785181685000012,1.3785181685000012
29.2611862643,29.921875,0.6606887356999991,0.6606887356999991
42.6100581723,41.3125,-1.2975581723000005,1.2975581723000005
35.0126953125,34.4375,-0.5751953125,0.5751953125
29.6951331497,25.390625,-4.304508149699998,4.304508149699998
58.3544921875,52.75,-5.6044921875,5.6044921875
38.9163069994,38.65625,-0.2600569993999997,0.2600569993999997
32.0038580247,27.453125,-4.550733024700001,4.550733024700001
35.3559570312,33.1875,-2.168457031199999,2.168457031199999
36.9559611188,37.375,0.4190388812000023,0.4190388812000023
32.0945945946,33.09375,0.9991554054000034,0.9991554054000034
24.6293252595,26.28125,1.6519247405000002,1.6519247405000002
27.2893066406,25.875,-1.4143066405999996,1.4143066405999996
22.4662162162,26.921875,4.455658783800001,4.455658783800001
35.9936,31.140625,-4.852975000000001,4.852975000000001
42.9077148438,40.90625,-2.001464843800001,2.001464843800001
43.8494096681,39.125,-4.724409668100002,4.724409668100002
30.6804205515,32.46875,1.7883294485000008,1.7883294485000008
43.9016326531,30.078125,-13.823507653100002,13.823507653100002
31.4944,28.515625,-2.978774999999999,2.978774999999999
38.9669942051,34.46875,-4.498244205100001,4.498244205100001
24.0211937716,24.03125,0.010056228399999867,0.010056228399999867
42.3648648649,41.21875,-1.1461148648999995,1.1461148648999995
24.0283203125,27.609375,3.5810546875,3.5810546875
39.2430222222,36.6875,-2.555522222199997,2.555522222199997
24.3252595156,31.625,7.299740484400001,7.299740484400001
32.8480015012,32.40625,-0.4417515012000024,0.4417515012000024
34.5804398148,35.09375,0.5133101851999982,0.5133101851999982
23.2610294118,29.0,5.738970588200001,5.738970588200001
22.1403376165,21.5,-0.6403376164999983,0.6403376164999983
48.8194444444,49.3125,0.4930555556000016,0.4930555556000016
29.8341049383,28.109375,-1.7247299383000012,1.7247299383000012
26.7455278408,27.296875,0.5513471591999988,0.5513471591999988
49.9445800781,42.78125,-7.163330078100003,7.163330078100003
41.5346679688,42.0,0.4653320311999991,0.4653320311999991
39.9342838049,41.34375,1.409466195100002,1.409466195100002
32.0945945946,28.78125,-3.3133445945999966,3.3133445945999966
23.6252888049,30.328125,6.7028361951000015,6.7028361951000015
27.1129476584,27.765625,0.6526773416000005,0.6526773416000005
39.2837837838,37.78125,-1.502533783799997,1.502533783799997
28.0550304558,27.703125,-0.35190545580000077,0.35190545580000077
40.9012812434,41.6875,0.7862187566000003,0.7862187566000003
30.5020661157,34.15625,3.6541838843,3.6541838843
43.8917793965,36.0,-7.891779396499999,7.891779396499999
29.5337465565,35.90625,6.372503443500001,6.372503443500001
27.3167401806,31.8125,4.4957598194,4.4957598194
28.884837963,29.015625,0.13078703700000105,0.13078703700000105
47.000780437,44.375,-2.625780437000003,2.625780437000003
21.892733564,27.625,5.732266436,5.732266436
33.1052631579,32.0625,-1.0427631578999979,1.0427631578999979
36.972972973,33.03125,-3.9417229729999974,3.9417229729999974
36.6059171598,31.9375,-4.668417159800001,4.668417159800001
29.2611862643,26.625,-2.636186264300001,2.636186264300001
26.517950052,23.4375,-3.0804500519999998,3.0804500519999998
46.8249053241,42.96875,-3.8561553241000013,3.8561553241000013
28.940978786,29.375,0.43402121400000127,0.43402121400000127
31.8682484568,32.21875,0.35050154320000004,0.35050154320000004
23.0346565848,29.625,6.5903434151999996,6.5903434151999996
26.9552662722,29.890625,2.9353587278000006,2.9353587278000006
28.2067901235,27.0,-1.2067901234999994,1.2067901234999994
17.7189666037,26.84375,9.1247833963,9.1247833963
55.9079973268,53.71875,-2.1892473268000003,2.1892473268000003
27.3167401806,26.703125,-0.6136151806000001,0.6136151806000001
24.4048799841,26.671875,2.266995015900001,2.266995015900001
25.7446289062,21.90625,-3.838378906199999,3.838378906199999
26.936065939,23.078125,-3.857940938999999,3.857940938999999
31.4703856749,34.625,3.154614325099999,3.154614325099999
23.5650951557,35.21875,11.6536548443,11.6536548443
24.2079889807,27.65625,3.4482610192999985,3.4482610192999985
32.0044224766,26.46875,-5.5356724765999985,5.5356724765999985
23.2396694215,30.375,7.1353305785,7.1353305785
38.7431111111,31.296875,-7.446236111099999,7.446236111099999
27.8912914104,26.78125,-1.110041410400001,1.110041410400001
26.6287878788,27.53125,0.9024621211999992,0.9024621211999992
38.9473684211,38.875,-0.07236842110000197,0.07236842110000197
32.2750771605,27.078125,-5.196952160499997,5.196952160499997
29.7610052285,29.03125,-0.7297552285000002,0.7297552285000002
43.2615384615,40.59375,-2.6677884615000025,2.6677884615000025
33.3783783784,35.8125,2.4341216215999992,2.4341216215999992
33.7153061224,37.65625,3.9409438775999988,3.9409438775999988
37.7432432432,36.78125,-0.9619932431999985,0.9619932431999985
42.6100581723,41.25,-1.3600581723000005,1.3600581723000005
37.5500125976,37.34375,-0.2062625976000021,0.2062625976000021
41.7365491651,39.34375,-2.3927991651000013,2.3927991651000013
29.5546938776,35.375,5.820306122400002,5.820306122400002
19.8374092986,18.03125,-1.8061592986000008,1.8061592986000008
26.9460449219,40.90625,13.9602050781,13.9602050781
34.5389266818,31.015625,-3.5233016817999996,3.5233016817999996
24.6200554296,21.921875,-2.6981804296000007,2.6981804296000007
34.4326530612,38.8125,4.3798469388,4.3798469388
20.1332544379,25.125,4.9917455621,4.9917455621
64.8923076923,52.15625,-12.736057692299994,12.736057692299994
22.7314024995,27.109375,4.3779725005,4.3779725005
21.4104179794,25.984375,4.573957020600002,4.573957020600002
29.5628858025,31.421875,1.8589891975000015,1.8589891975000015
51.3513513514,37.15625,-14.195101351399998,14.195101351399998
32.3513513514,34.3125,1.9611486486000018,1.9611486486000018
32.7722674073,38.53125,5.758982592700001,5.758982592700001
34.2991180334,39.0625,4.763381966600001,4.763381966600001
45.6098615917,39.4375,-6.172361591700003,6.172361591700003
44.6240234375,42.25,-2.3740234375,2.3740234375
25.8398306973,32.125,6.285169302700002,6.285169302700002
21.663877551,28.375,6.711122449000001,6.711122449000001
24.5432128906,19.609375,-4.9338378905999996,4.9338378905999996
32.3537146614,36.28125,3.927535338600002,3.927535338600002
37.7271352986,41.375,3.647864701400003,3.647864701400003
29.5337465565,28.90625,-0.6274965564999988,0.6274965564999988
25.4207758054,24.953125,-0.4676508054000017,0.4676508054000017
40.1644736842,44.53125,4.366776315800003,4.366776315800003
31.6342169748,30.84375,-0.790466974800001,0.790466974800001
24.5606019887,28.640625,4.0800230113,4.0800230113
24.5112371351,26.703125,2.1918878649,2.1918878649
26.3096458008,26.734375,0.4247291992000015,0.4247291992000015
37.2926311728,31.15625,-6.1363811728,6.1363811728
33.7635135135,37.75,3.9864864864999987,3.9864864864999987
44.2199265381,42.71875,-1.5011765380999975,1.5011765380999975
29.9831382662,38.4375,8.454361733799999,8.454361733799999
39.4540816327,40.71875,1.264668367299997,1.264668367299997
19.4736842105,22.0,2.5263157895,2.5263157895
37.1957671958,29.03125,-8.164517195800002,8.164517195800002
28.3190917969,26.59375,-1.7253417969000004,1.7253417969000004
32.8870572511,32.46875,-0.41830725110000344,0.41830725110000344
27.472972973,28.71875,1.245777026999999,1.245777026999999
27.4058810425,26.96875,-0.437131042499999,0.437131042499999
25.1018693552,28.375,3.2731306447999984,3.2731306447999984
40.3466483012,39.5,-0.8466483011999983,0.8466483011999983
32.687067474,29.140625,-3.5464424740000027,3.5464424740000027
26.4438657407,27.484375,1.0405092592999985,1.0405092592999985
21.1416796614,26.765625,5.623945338599999,5.623945338599999
27.1940091252,24.984375,-2.209634125200001,2.209634125200001
28.8851351351,28.8125,-0.07263513510000053,0.07263513510000053
32.4942222222,46.4375,13.943277777799999,13.943277777799999
30.4945777778,23.828125,-6.6664527778,6.6664527778
46.0659602076,45.0625,-1.0034602075999999,1.0034602075999999
37.7290298367,33.8125,-3.9165298367000005,3.9165298367000005
30.6634527089,28.84375,-1.8197027088999995,1.8197027088999995
26.6228558699,26.4375,-0.18535586990000041,0.18535586990000041
38.2486225895,37.84375,-0.4048725895000018,0.4048725895000018
32.2806122449,31.875,-0.4056122448999986,0.4056122448999986
36.9756738988,31.90625,-5.069423898799997,5.069423898799997
34.8931720836,28.828125,-6.0650470836,6.0650470836
27.1157142857,26.78125,-0.3344642857000011,0.3344642857000011
26.5784499055,26.3125,-0.2659499055000012,0.2659499055000012
29.8565197429,35.09375,5.2372302570999985,5.2372302570999985
38.2434362529,36.21875,-2.024686252899997,2.024686252899997
32.1394675926,33.6875,1.548032407400001,1.548032407400001
34.9229226999,27.640625,-7.282297699899999,7.282297699899999
33.7926614325,33.375,-0.41766143249999743,0.41766143249999743
48.005787037,42.28125,-5.7245370369999975,5.7245370369999975
31.1476124885,36.09375,4.946137511500002,4.946137511500002
29.7549565605,29.765625,0.010668439500001625,0.010668439500001625
30.9862258953,28.4375,-2.5487258952999987,2.5487258952999987
38.0193877551,45.5,7.480612244900001,7.480612244900001
29.950295858,34.03125,4.0809541419999995,4.0809541419999995
45.1891891892,33.09375,-12.0954391892,12.0954391892
40.3466483012,36.4375,-3.9091483011999983,3.9091483011999983
36.0191579416,35.4375,-0.5816579415999996,0.5816579415999996
33.9023919753,36.1875,2.2851080247000013,2.2851080247000013
21.7057340895,22.390625,0.6848909104999983,0.6848909104999983
36.3238815375,29.640625,-6.6832565375,6.6832565375
20.9802571166,22.6875,1.7072428833999993,1.7072428833999993
27.365916955,30.90625,3.5403330450000006,3.5403330450000006
38.7689940828,40.96875,2.199755917200001,2.199755917200001
34.1668319778,31.109375,-3.057456977800001,3.057456977800001
22.1487082546,29.359375,7.210666745400001,7.210666745400001
33.9436686391,33.8125,-0.13116863909999665,0.13116863909999665
58.3544921875,51.78125,-6.5732421875,6.5732421875
22.1487082546,21.71875,-0.4299582545999989,0.4299582545999989
25.9878176854,25.703125,-0.2846926853999996,0.2846926853999996
28.2426538108,34.59375,6.3510961892,6.3510961892
22.8049307958,25.234375,2.4294442041999993,2.4294442041999993
42.9923555556,40.84375,-2.1486055555999997,2.1486055555999997
36.8021831143,35.65625,-1.1459331143,1.1459331143
43.2315016862,35.84375,-7.387751686199998,7.387751686199998
34.0789473684,29.78125,-4.2976973684000015,4.2976973684000015
53.7417355372,46.125,-7.6167355372,7.6167355372
29.950295858,32.65625,2.7059541419999995,2.7059541419999995
30.7024489796,30.296875,-0.40557397959999975,0.40557397959999975
37.1027777778,37.9375,0.8347222221999999,0.8347222221999999
37.6532434041,35.125,-2.528243404100003,2.528243404100003
32.1884030775,32.625,0.4365969225000015,0.4365969225000015
25.5924188403,23.734375,-1.8580438402999988,1.8580438402999988
27.4323621228,25.34375,-2.0886121228000007,2.0886121228000007
25.4945987654,23.453125,-2.0414737653999993,2.0414737653999993
44.1930943892,43.53125,-0.6618443891999988,0.6618443891999988
33.2781065089,33.59375,0.3156434910999977,0.3156434910999977
44.0731095679,47.40625,3.333140432100002,3.333140432100002
30.7822485207,30.671875,-0.11037352070000139,0.11037352070000139
40.6177777778,42.8125,2.1947222221999994,2.1947222221999994
35.15,33.53125,-1.6187499999999986,1.6187499999999986
31.9474270439,26.34375,-5.603677043899999,5.603677043899999
35.15,36.625,1.4750000000000014,1.4750000000000014
20.7820478366,24.421875,3.6398271633999997,3.6398271633999997
35.7277249135,38.21875,2.4910250865000023,2.4910250865000023
37.2297297297,34.0,-3.229729729699997,3.229729729699997
36.4733700643,38.9375,2.464129935700001,2.464129935700001
27.6208284024,28.3125,0.6916715975999992,0.6916715975999992
21.7871900826,24.484375,2.6971849174000013,2.6971849174000013
39.6056338028,36.21875,-3.3868838028,3.3868838028
58.2366863905,50.6875,-7.549186390499997,7.549186390499997
28.1889062152,29.203125,1.0142187848000006,1.0142187848000006
24.4097222222,27.5,3.090277777800001,3.090277777800001
41.7872295736,46.40625,4.619020426399999,4.619020426399999
34.864114263,32.84375,-2.0203642629999976,2.0203642629999976
25.9976211073,29.90625,3.9086288927000012,3.9086288927000012
25.8401596303,28.625,2.7848403696999995,2.7848403696999995
28.3627322199,24.546875,-3.8158572199,3.8158572199
34.7663176654,33.84375,-0.9225676654000026,0.9225676654000026
22.9551020408,30.390625,7.4355229592,7.4355229592
33.4472318339,29.3125,-4.134731833899998,4.134731833899998
34.6948770876,34.0,-0.6948770875999983,0.6948770875999983
41.5547006943,44.15625,2.601549305699997,2.601549305699997
30.8459183673,31.03125,0.18533163269999875,0.18533163269999875
35.2716262976,38.3125,3.040873702399999,3.040873702399999
39.7450902599,37.625,-2.120090259900003,2.120090259900003
22.1287721124,23.546875,1.4181028876,1.4181028876
24.3715820312,22.515625,-1.855957031199999,1.855957031199999
35.8201840894,34.0,-1.8201840894000014,1.8201840894000014
29.598351526,28.625,-0.9733515259999983,0.9733515259999983
44.7040863177,43.03125,-1.6728363177000034,1.6728363177000034
42.2408267906,45.71875,3.4779232093999966,3.4779232093999966
50.853587963,51.0625,0.2089120369999975,0.2089120369999975
50.5012244898,36.4375,-14.063724489800002,14.063724489800002
39.7450902599,39.6875,-0.057590259900003105,0.057590259900003105
30.1755983351,33.84375,3.6681516649000017,3.6681516649000017
23.6252888049,25.171875,1.5465861951000015,1.5465861951000015
28.3455112497,25.53125,-2.8142612496999995,2.8142612496999995
30.8108108108,32.78125,1.9704391892000004,1.9704391892000004
27.2743342516,24.671875,-2.602459251599999,2.602459251599999
31.0900104058,32.09375,1.003739594199999,1.003739594199999
24.5307621671,25.71875,1.1879878328999993,1.1879878328999993
25.0337837838,29.984375,4.950591216199999,4.950591216199999
18.3072916667,18.125,-0.1822916666999994,0.1822916666999994
44.6976643599,45.59375,0.8960856400999972,0.8960856400999972
25.9569230769,22.859375,-3.097548076900001,3.097548076900001
34.8267967724,36.71875,1.8919532275999984,1.8919532275999984
27.9765306122,30.640625,2.6640943877999987,2.6640943877999987
45.7739970594,44.59375,-1.1802470594000027,1.1802470594000027
26.037037037,28.296875,2.259837962999999,2.259837962999999
31.5632653061,32.125,0.5617346939000001,0.5617346939000001
28.4780092593,28.8125,0.3344907407000015,0.3344907407000015
24.7813581315,25.421875,0.6405168685000007,0.6405168685000007
41.3815789474,40.4375,-0.9440789474000013,0.9440789474000013
34.4531075963,25.4375,-9.0156075963,9.0156075963
30.5502929688,28.140625,-2.409667968800001,2.409667968800001
31.8215400624,29.03125,-2.7902900624000004,2.7902900624000004
42.4924444444,43.75,1.2575555555999998,1.2575555555999998
36.7723076923,36.375,-0.3973076922999965,0.3973076922999965
26.6057525952,26.1875,-0.41825259519999847,0.41825259519999847
47.8903546713,39.71875,-8.171604671300003,8.171604671300003
45.4154600134,47.1875,1.7720399865999994,1.7720399865999994
30.8459183673,30.828125,-0.01779336730000125,0.01779336730000125
27.5624860771,27.828125,0.26563892289999913,0.26563892289999913
27.3848684211,28.015625,0.6307565789000016,0.6307565789000016
32.6125443787,32.9375,0.3249556212999991,0.3249556212999991
31.2814201183,34.625,3.3435798816999984,3.3435798816999984
39.1512586322,33.9375,-5.213758632199998,5.213758632199998
24.3897959184,22.9375,-1.4522959184000008,1.4522959184000008
36.9145137576,37.78125,0.8667362424000018,0.8667362424000018
46.0693131695,37.6875,-8.381813169499999,8.381813169499999
28.3467741935,27.515625,-0.8311491934999999,0.8311491934999999
22.8049307958,25.90625,3.1013192041999993,3.1013192041999993
29.7839053254,29.90625,0.12234467460000076,0.12234467460000076
24.4097222222,22.4375,-1.9722222221999992,1.9722222221999992
30.1285714286,25.34375,-4.784821428600001,4.784821428600001
27.0214240706,29.875,2.8535759294000016,2.8535759294000016
25.8455882353,27.0,1.1544117647000007,1.1544117647000007
29.7549565605,26.390625,-3.3643315604999984,3.3643315604999984
29.8565197429,27.359375,-2.4971447429000015,2.4971447429000015
20.6595918367,22.5,1.8404081633000011,1.8404081633000011
26.1530407663,27.296875,1.1438342337000016,1.1438342337000016
33.7153061224,32.5625,-1.1528061224000012,1.1528061224000012
39.0482266842,39.34375,0.295523315799997,0.295523315799997
29.088636841,28.828125,-0.2605118409999996,0.2605118409999996
36.629026956,37.34375,0.714723044000003,0.714723044000003
38.0082179931,42.09375,4.085532006900003,4.085532006900003
36.5764828304,36.1875,-0.38898283040000337,0.38898283040000337
25.8398306973,32.28125,6.441419302700002,6.441419302700002
37.8759183673,33.71875,-4.157168367300002,4.157168367300002
22.0305873522,24.953125,2.9225376477999987,2.9225376477999987
34.6097126309,35.46875,0.8590373691000011,0.8590373691000011
40.8481445312,40.34375,-0.5043945311999991,0.5043945311999991
28.8674866098,31.796875,2.9293883901999997,2.9293883901999997
27.8912914104,31.90625,4.014958589599999,4.014958589599999
43.9287839714,39.0,-4.9287839714000015,4.9287839714000015
34.698117539,35.71875,1.0206324609999982,1.0206324609999982
25.0647401013,27.921875,2.8571348987,2.8571348987
25.8455882353,26.484375,0.6387867647000007,0.6387867647000007
22.4836425781,22.171875,-0.31176757809999955,0.31176757809999955
23.3801965231,24.3125,0.9323034768999996,0.9323034768999996
45.462804999,40.65625,-4.806554998999999,4.806554998999999
24.8720083247,25.234375,0.3623666752999988,0.3623666752999988
21.6157508431,24.25,2.634249156900001,2.634249156900001
24.6257988166,32.09375,7.4679511834,7.4679511834
23.5953786473,29.796875,6.201496352700001,6.201496352700001
42.2631952663,38.53125,-3.731945266300002,3.731945266300002
33.2512765386,33.90625,0.6549734613999973,0.6549734613999973
28.693877551,30.015625,1.321747449,1.321747449
30.5589795918,31.890625,1.3316454082,1.3316454082
24.4429327286,34.5,10.057067271400001,10.057067271400001
48.1413966049,44.34375,-3.7976466049000024,3.7976466049000024
28.9719313878,32.0625,3.0905686121999985,3.0905686121999985
29.5316110061,31.328125,1.7965139938999997,1.7965139938999997
40.8951022706,44.59375,3.698647729400001,3.698647729400001
21.5204081633,28.234375,6.713966836699999,6.713966836699999
34.1398975273,31.96875,-2.1711475273000005,2.1711475273000005
21.5204081633,24.03125,2.510841836699999,2.510841836699999
21.9485766758,21.90625,-0.04232667579999827,0.04232667579999827
32.4240816327,31.78125,-0.6428316327000019,0.6428316327000019
27.8912914104,32.09375,4.202458589599999,4.202458589599999
36.7281632653,36.65625,-0.07191326529999742,0.07191326529999742
38.4453125,34.53125,-3.9140625,3.9140625
31.3210069058,38.96875,7.647743094199999,7.647743094199999
30.1285714286,30.234375,0.10580357139999919,0.10580357139999919
48.7087427564,45.5,-3.2087427563999995,3.2087427563999995
35.6186666667,36.0625,0.44383333329999886,0.44383333329999886
26.3839369488,26.90625,0.5223130512000012,0.5223130512000012
28.693877551,34.90625,6.212372449,6.212372449
24.71484375,26.234375,1.51953125,1.51953125
25.3971854652,26.34375,0.9465645348000002,0.9465645348000002
23.1081081081,26.875,3.7668918918999985,3.7668918918999985
22.1287721124,22.03125,-0.09752211240000008,0.09752211240000008
24.459408284,25.3125,0.8530917160000016,0.8530917160000016
25.1018693552,23.140625,-1.9612443552000016,1.9612443552000016
29.0888157895,26.953125,-2.1356907895,2.1356907895
33.8587755102,28.765625,-5.093150510199997,5.093150510199997
23.6850585938,24.609375,0.9243164061999991,0.9243164061999991
23.3855102041,32.59375,9.208239795899999,9.208239795899999
20.8947222222,23.53125,2.6365277778000014,2.6365277778000014
27.4951111111,28.234375,0.7392638888999983,0.7392638888999983
20.3586544888,21.78125,1.4225955112000008,1.4225955112000008
30.0681666295,30.671875,0.6037083705000015,0.6037083705000015
28.0988928504,27.03125,-1.0676428503999986,1.0676428503999986
30.6634527089,26.5625,-4.1009527088999995,4.1009527088999995
22.6713249127,21.484375,-1.1869499127000012,1.1869499127000012
31.9936734694,32.375,0.3813265305999991,0.3813265305999991
41.5547006943,39.9375,-1.6172006943000028,1.6172006943000028
37.1013513514,33.84375,-3.257601351399998,3.257601351399998
22.044766436,23.453125,1.4083585640000003,1.4083585640000003
45.9970703125,33.46875,-12.5283203125,12.5283203125
34.9675605536,32.6875,-2.280060553600002,2.280060553600002
33.2243441358,36.9375,3.7131558641999973,3.7131558641999973
32.991133218,29.078125,-3.9130082180000016,3.9130082180000016
32.573847182,28.734375,-3.8394721820000015,3.8394721820000015
31.1150295858,29.625,-1.4900295857999986,1.4900295857999986
32.074985122,31.640625,-0.43436012200000107,0.43436012200000107
25.8401596303,26.25,0.4098403696999995,0.4098403696999995
51.4892578125,39.53125,-11.9580078125,11.9580078125
24.5062434964,27.625,3.1187565036000002,3.1187565036000002
38.7431111111,39.96875,1.2256388889000007,1.2256388889000007
33.961352657,39.0,5.038647343000001,5.038647343000001
32.277318641,33.75,1.4726813589999992,1.4726813589999992
25.7446289062,32.875,7.130371093800001,7.130371093800001
32.5350346021,37.375,4.839965397900002,4.839965397900002
40.8951022706,43.28125,2.386147729400001,2.386147729400001
38.4899821464,38.75,0.2600178535999973,0.2600178535999973
26.6287878788,30.109375,3.4805871211999992,3.4805871211999992
34.3848427842,47.28125,12.896407215799996,12.896407215799996
41.3191836735,45.15625,3.8370663265000005,3.8370663265000005
25.9964357318,29.015625,3.0191892682000017,3.0191892682000017
22.6552734375,21.921875,-0.7333984375,0.7333984375
25.8455882353,25.0,-0.8455882352999993,0.8455882352999993
31.4703856749,25.8125,-5.657885674900001,5.657885674900001
27.9765306122,23.078125,-4.898405612200001,4.898405612200001
26.7027027027,28.125,1.4222972972999983,1.4222972972999983
73.8750234566,67.625,-6.250023456600005,6.250023456600005
27.8756961461,27.78125,-0.09444614610000102,0.09444614610000102
24.4048799841,25.3125,0.907620015900001,0.907620015900001
21.1599032518,23.234375,2.0744717482000006,2.0744717482000006
25.8218549128,26.046875,0.22502008720000077,0.22502008720000077
25.8455882353,31.890625,6.045036764700001,6.045036764700001
23.0536265432,26.390625,3.3369984568,3.3369984568
38.7702702703,34.375,-4.395270270300003,4.395270270300003
30.6634527089,28.265625,-2.3978277088999995,2.3978277088999995
30.7128754463,30.109375,-0.6035004463,0.6035004463
29.3697777778,33.0625,3.6927222222000005,3.6927222222000005
27.8912914104,26.609375,-1.281916410400001,1.281916410400001
25.0877700617,30.859375,5.771604938300001,5.771604938300001
29.2861700131,28.71875,-0.5674200131000013,0.5674200131000013
47.1984863281,40.125,-7.073486328100003,7.073486328100003
31.8502040816,35.875,4.024795918399999,4.024795918399999
35.9797659195,37.5625,1.5827340805000034,1.5827340805000034
40.8083848428,41.21875,0.41036515719999755,0.41036515719999755
21.5204081633,27.359375,5.838966836699999,5.838966836699999
42.0825456837,38.96875,-3.1137956836999976,3.1137956836999976
35.4245401864,38.3125,2.8879598135999984,2.8879598135999984
25.4945987654,24.46875,-1.0258487653999993,1.0258487653999993
30.1792929293,32.15625,1.9769570706999993,1.9769570706999993
24.2732219929,28.046875,3.7736530070999983,3.7736530070999983
35.6186666667,40.4375,4.818833333299999,4.818833333299999
25.8244897959,26.234375,0.40988520410000007,0.40988520410000007
21.7630072841,29.09375,7.330742715900001,7.330742715900001
33.891184573,36.15625,2.2650654270000032,2.2650654270000032
23.7455432539,26.359375,2.6138317461000007,2.6138317461000007
32.4134542706,30.09375,-2.319704270599999,2.319704270599999
25.8218549128,24.09375,-1.7281049127999992,1.7281049127999992
23.9605702829,26.046875,2.086304717099999,2.086304717099999
26.1446280992,30.578125,4.433496900800002,4.433496900800002
25.8401596303,30.046875,4.2067153696999995,4.2067153696999995
40.6828703704,33.125,-7.557870370400003,7.557870370400003
28.1702043245,27.1875,-0.9827043244999984,0.9827043244999984
27.1219135802,28.96875,1.846836419799999,1.846836419799999
26.4967268399,33.4375,6.940773160100001,6.940773160100001
44.1930943892,40.28125,-3.9118443891999988,3.9118443891999988
36.2779133046,42.6875,6.409586695400002,6.409586695400002
32.5462962963,31.9375,-0.6087962962999995,0.6087962962999995
26.3983673469,28.4375,2.039132653100001,2.039132653100001
30.6804205515,28.9375,-1.7429205514999992,1.7429205514999992
47.5876923077,46.5,-1.087692307700003,1.087692307700003
36.0191579416,37.78125,1.7620920584000004,1.7620920584000004
31.8881578947,32.96875,1.0805921052999992,1.0805921052999992
33.7153061224,31.9375,-1.7778061224000012,1.7778061224000012
27.1219135802,28.09375,0.9718364197999989,0.9718364197999989
38.7367346939,33.6875,-5.049234693899997,5.049234693899997
37.2297297297,35.03125,-2.198479729699997,2.198479729699997
24.1171753174,31.40625,7.289074682599999,7.289074682599999
32.2532894737,32.90625,0.6529605262999993,0.6529605262999993
45.4292052469,37.21875,-8.210455246899997,8.210455246899997
30.2699012812,29.8125,-0.45740128119999923,0.45740128119999923
47.2014285714,41.5625,-5.638928571400001,5.638928571400001
81.2119302668,67.375,-13.836930266799996,13.836930266799996
21.6307692308,24.140625,2.5098557692000014,2.5098557692000014
29.6981632653,36.6875,6.9893367347,6.9893367347
27.4951111111,27.609375,0.11426388889999828,0.11426388889999828
33.9829101562,31.734375,-2.248535156199999,2.248535156199999
36.0424804688,40.0625,4.020019531199999,4.020019531199999
50.1708477509,45.6875,-4.483347750900002,4.483347750900002
43.0408163265,35.6875,-7.3533163265,7.3533163265
24.3918918919,22.4375,-1.9543918918999985,1.9543918918999985
62.2635135135,55.25,-7.013513513500001,7.013513513500001
35.665316358,36.4375,0.7721836420000017,0.7721836420000017
32.5462962963,29.40625,-3.1400462962999995,3.1400462962999995
18.6510204082,19.796875,1.1458545917999992,1.1458545917999992
44.7040863177,41.9375,-2.7665863177000034,2.7665863177000034
37.9321563182,38.59375,0.6615936817999994,0.6615936817999994
29.7984429066,32.78125,2.9828070934000017,2.9828070934000017
28.7448888889,29.6875,0.9426111110999997,0.9426111110999997
28.3503465658,29.65625,1.305903434200001,1.305903434200001
24.8864746094,26.6875,1.8010253905999996,1.8010253905999996
45.8360339506,44.6875,-1.1485339505999974,1.1485339505999974
26.0783574688,28.703125,2.6247675312,2.6247675312
38.3388157895,42.0625,3.7236842104999965,3.7236842104999965
35.6183148808,34.4375,-1.1808148807999999,1.1808148807999999
33.961352657,24.578125,-9.383227656999999,9.383227656999999
22.7785374554,29.296875,6.518337544600001,6.518337544600001
26.3839369488,27.015625,0.6316880512000012,0.6316880512000012
46.5893491124,41.40625,-5.183099112400001,5.183099112400001
44.6260662567,40.6875,-3.9385662566999997,3.9385662566999997
40.3466483012,38.0625,-2.2841483011999983,2.2841483011999983
32.7364864865,36.96875,4.232263513500001,4.232263513500001
28.2863905325,26.1875,-2.0988905325000005,2.0988905325000005
40.0908888394,39.0,-1.0908888394000016,1.0908888394000016
29.8341049383,25.328125,-4.505979938300001,4.505979938300001
24.0283203125,23.515625,-0.5126953125,0.5126953125
27.1176757812,25.875,-1.242675781199999,1.242675781199999
25.5375510204,24.53125,-1.0063010203999987,1.0063010203999987
25.1763085399,25.171875,-0.004433539899999062,0.004433539899999062
27.249276008,26.390625,-0.8586510079999989,0.8586510079999989
28.8851351351,29.09375,0.20861486489999947,0.20861486489999947
42.9611111111,42.4375,-0.5236111111000028,0.5236111111000028
27.9669731657,31.0,3.0330268342999993,3.0330268342999993
40.3106490233,40.25,-0.06064902330000166,0.06064902330000166
31.2444444444,31.125,-0.11944444439999913,0.11944444439999913
39.8676748582,43.625,3.7573251418000027,3.7573251418000027
27.7999614198,31.75,3.950038580200001,3.950038580200001
26.9098183391,28.328125,1.4183066609000008,1.4183066609000008
26.6027832031,28.453125,1.8503417969000004,1.8503417969000004
33.5183784919,28.4375,-5.080878491900002,5.080878491900002
34.864114263,39.40625,4.542135737000002,4.542135737000002
26.4967268399,25.828125,-0.6686018398999991,0.6686018398999991
26.9150962111,26.96875,0.053653788900000166,0.053653788900000166
26.1530407663,26.171875,0.01883423370000159,0.01883423370000159
42.5342194009,41.78125,-0.7529694008999996,0.7529694008999996
38.211628425,36.125,-2.0866284250000007,2.0866284250000007
27.4609375,23.921875,-3.5390625,3.5390625
40.2887110727,39.5,-0.7887110727000035,0.7887110727000035
33.2951989619,32.375,-0.9201989618999988,0.9201989618999988
38.6814435286,45.65625,6.974806471400001,6.974806471400001
35.6186666667,36.4375,0.8188333332999989,0.8188333332999989
27.1201777778,29.671875,2.5516972222000014,2.5516972222000014
41.0305190466,31.953125,-9.077394046599998,9.077394046599998
30.4651045603,27.328125,-3.1369795602999986,3.1369795602999986
24.2463265306,22.46875,-1.777576530600001,1.777576530600001
34.6646942801,33.21875,-1.4459442801000009,1.4459442801000009
33.610887574,29.484375,-4.126512574000003,4.126512574000003
56.5491898148,32.625,-23.924189814800002,23.924189814800002
23.7075976989,23.109375,-0.598222698899999,0.598222698899999
31.6142011834,35.03125,3.4170488166000013,3.4170488166000013
40.2474938739,38.1875,-2.059993873899998,2.059993873899998
53.5526315789,47.125,-6.427631578899998,6.427631578899998
29.8696888889,27.734375,-2.1353138889000007,2.1353138889000007
68.618441358,49.65625,-18.962191358,18.962191358
38.3505256893,42.75,4.3994743107000005,4.3994743107000005
26.9150962111,22.28125,-4.6338462111,4.6338462111
43.8494096681,43.71875,-0.13065966810000162,0.13065966810000162
19.5239039873,24.171875,4.647971012700001,4.647971012700001
31.3210069058,28.609375,-2.711631905800001,2.711631905800001
36.1762234825,38.5625,2.3862765175000007,2.3862765175000007
42.8208359588,48.78125,5.9604140412000035,5.9604140412000035
35.4863951961,34.3125,-1.1738951960999984,1.1738951960999984
25.7658179012,20.78125,-4.984567901199998,4.984567901199998
21.4104179794,28.53125,7.120832020600002,7.120832020600002
21.5029086132,24.5,2.997091386800001,2.997091386800001
39.3267746914,34.03125,-5.295524691399997,5.295524691399997
29.267755102,34.09375,4.825994898000001,4.825994898000001
26.3839369488,22.5625,-3.821436948799999,3.821436948799999
28.8453947368,33.9375,5.092105263200001,5.092105263200001
40.7631825859,36.59375,-4.169432585899997,4.169432585899997
33.7153061224,34.25,0.5346938775999988,0.5346938775999988
37.0621718126,34.65625,-2.405921812599999,2.405921812599999
33.5134773892,32.3125,-1.2009773891999984,1.2009773891999984
38.4899821464,36.375,-2.1149821464000027,2.1149821464000027
32.4847721067,33.53125,1.0464778933000005,1.0464778933000005
37.1189164371,43.28125,6.1623335629000024,6.1623335629000024
60.5199724518,55.96875,-4.551222451800001,4.551222451800001
21.537758667,27.4375,5.8997413330000015,5.8997413330000015
35.1822773186,28.765625,-6.416652318600001,6.416652318600001
33.7153061224,34.875,1.1596938775999988,1.1596938775999988
52.4186095358,44.0625,-8.356109535800002,8.356109535800002
24.6588951901,28.90625,4.247354809899999,4.247354809899999
56.1100609116,42.6875,-13.422560911600002,13.422560911600002
32.979921186,31.328125,-1.6517961859999986,1.6517961859999986
28.4301470588,26.578125,-1.8520220587999994,1.8520220587999994
66.5562130178,56.625,-9.931213017800005,9.931213017800005
29.285855981,31.859375,2.573519018999999,2.573519018999999
44.0731095679,37.59375,-6.479359567899998,6.479359567899998
36.9559611188,36.875,-0.08096111879999768,0.08096111879999768
43.9375,44.75,0.8125,0.8125
35.723877551,37.28125,1.557372448999999,1.557372448999999
40.4225,31.984375,-8.438125,8.438125
21.6157508431,28.03125,6.415499156900001,6.415499156900001
27.7294444444,27.078125,-0.6513194443999986,0.6513194443999986
35.5050505051,27.890625,-7.614425505100002,7.614425505100002
29.8565197429,31.453125,1.5966052570999985,1.5966052570999985
26.5794753086,28.390625,1.8111496914000007,1.8111496914000007
38.9669942051,34.625,-4.341994205100001,4.341994205100001
29.9337364575,30.515625,0.5818885424999998,0.5818885424999998
40.1644736842,40.625,0.4605263158000028,0.4605263158000028
26.6228558699,25.640625,-0.9822308699000004,0.9822308699000004
32.9448223734,37.59375,4.648927626599999,4.648927626599999
46.8666666667,38.65625,-8.210416666699999,8.210416666699999
30.0776881216,29.25,-0.8276881216000014,0.8276881216000014
36.3101536911,34.9375,-1.3726536910999982,1.3726536910999982
34.277027027,38.15625,3.8792229729999974,3.8792229729999974
52.1082754738,44.875,-7.233275473799999,7.233275473799999
43.6486486486,46.96875,3.320101351399998,3.320101351399998
21.0314776275,22.984375,1.9528973725000007,1.9528973725000007
19.9091796875,23.703125,3.7939453125,3.7939453125
59.1967030519,46.09375,-13.102953051900002,13.102953051900002
32.3830017301,32.9375,0.5544982699000016,0.5544982699000016
25.3285462333,31.5625,6.233953766700001,6.233953766700001
41.0896990741,35.78125,-5.308449074099997,5.308449074099997
34.6694335938,37.25,2.580566406199999,2.580566406199999
32.3537146614,33.34375,0.990035338600002,0.990035338600002
33.4674817898,32.40625,-1.0612317897999972,1.0612317897999972
32.8870572511,35.15625,2.2691927488999966,2.2691927488999966
29.7984429066,30.25,0.4515570934000017,0.4515570934000017
29.0495867769,30.015625,0.9660382231,0.9660382231
32.6098632812,32.59375,-0.016113281199999108,0.016113281199999108
41.7062988281,42.90625,1.199951171899997,1.199951171899997
27.0435353725,38.65625,11.6127146275,11.6127146275
23.7316743827,31.109375,7.3777006173,7.3777006173
36.0140739351,34.9375,-1.0765739351000008,1.0765739351000008
26.3016868512,30.59375,4.2920631488000005,4.2920631488000005
20.1170655567,17.53125,-2.5858155566999983,2.5858155566999983
22.8786982249,25.796875,2.918176775100001,2.918176775100001
23.7457777778,25.96875,2.2229722221999992,2.2229722221999992
21.9960888889,18.328125,-3.667963888900001,3.667963888900001
22.6681632653,20.65625,-2.0119132652999987,2.0119132652999987
24.36357908,25.671875,1.308295919999999,1.308295919999999
28.2432432432,32.6875,4.4442567568000015,4.4442567568000015
44.2199265381,40.0,-4.2199265380999975,4.2199265380999975
31.4614197531,36.25,4.7885802469000005,4.7885802469000005
38.2432,43.53125,5.288049999999998,5.288049999999998
43.7422222222,39.59375,-4.148472222199999,4.148472222199999
32.1040320784,33.03125,0.9272179215999969,0.9272179215999969
37.3574879227,36.5625,-0.7949879227000025,0.7949879227000025
33.7667824074,34.25,0.4832175925999991,0.4832175925999991
33.891184573,38.5,4.608815427000003,4.608815427000003
29.8436818092,32.75,2.9063181908000004,2.9063181908000004
27.2591836735,25.640625,-1.6185586735000008,1.6185586735000008
39.1280148423,37.78125,-1.3467648422999972,1.3467648422999972
29.0382785467,30.140625,1.102346453300001,1.102346453300001
23.7316743827,31.65625,7.9245756173,7.9245756173
41.19140625,37.59375,-3.59765625,3.59765625
29.5628858025,31.734375,2.1714891975000015,2.1714891975000015
47.2505776097,41.59375,-5.656827609700002,5.656827609700002
22.8513513514,23.65625,0.8048986485999983,0.8048986485999983
34.4531075963,39.125,4.671892403699999,4.671892403699999
26.6228558699,26.453125,-0.16973086990000041,0.16973086990000041
33.961352657,35.875,1.913647343000001,1.913647343000001
36.0191579416,38.34375,2.3245920584000004,2.3245920584000004
29.1772460938,32.6875,3.510253906199999,3.510253906199999
37.2480536332,32.40625,-4.841803633200001,4.841803633200001
24.4097222222,28.75,4.340277777800001,4.340277777800001
61.5644970414,58.1875,-3.376997041400003,3.376997041400003
38.312283737,32.625,-5.687283737000001,5.687283737000001
30.6634527089,31.375,0.7115472911000005,0.7115472911000005
25.0647401013,26.546875,1.4821348987,1.4821348987
52.4130177515,42.5,-9.9130177515,9.9130177515
38.7431111111,40.8125,2.0693888889000007,2.0693888889000007
22.3116545265,31.6875,9.3758454735,9.3758454735
35.8673469388,32.15625,-3.7110969387999972,3.7110969387999972
29.0495867769,28.453125,-0.5964617769,0.5964617769
35.4245401864,36.03125,0.6067098135999984,0.6067098135999984
23.7075976989,27.421875,3.714277301100001,3.714277301100001
23.7747138398,23.203125,-0.5715888398000004,0.5715888398000004
35.5804081633,30.34375,-5.2366581633,5.2366581633
44.0060147026,45.71875,1.7127352974000019,1.7127352974000019
29.5316110061,28.25,-1.2816110061000003,1.2816110061000003
26.3839369488,29.25,2.866063051200001,2.866063051200001
44.3980112873,39.3125,-5.085511287300001,5.085511287300001
23.7729468599,26.53125,2.7583031401000007,2.7583031401000007
43.5743801653,41.4375,-2.136880165299999,2.136880165299999
30.2620511803,34.09375,3.8316988197000015,3.8316988197000015
